frequency_kHz,TS_dB,model,bubble_diameter_m
1.0,-86.0040899758025,Modal,
1.003553109203863,-85.939378623216,Modal,
1.0071188429927405,-85.8746441072478,Modal,
1.0106972462231618,-85.8098862462558,Modal,
1.0142883639110363,-85.7451048569963,Modal,
1.0178922412322196,-85.6802997546965,Modal,
1.0215089235230825,-85.6154707529804,Modal,
1.0251384562810804,-85.5506176638811,Modal,
1.0287808851653266,-85.4857402978334,Modal,
1.0324362559971658,-85.4208384636136,Modal,
1.036104614760751,-85.3559119683803,Modal,
1.0397860076036225,-85.2909606176142,Modal,
1.0434804808372868,-85.2259842151291,Modal,
1.0471880809378011,-85.1609825630356,Modal,
1.0509088545463567,-85.09595546174,Modal,
1.0546428484698664,-85.0309027099087,Modal,
1.058390109681553,-84.9658241044782,Modal,
1.06215068532154,-84.9007194406248,Modal,
1.0659246226974453,-84.8355885117239,Modal,
1.0697119692849757,-84.7704311093651,Modal,
1.0735127727285245,-84.7052470233281,Modal,
1.0773270808417708,-84.6400360415307,Modal,
1.0811549416082804,-84.5747979500715,Modal,
1.0849964031821107,-84.5095325331611,Modal,
1.0888515138884152,-84.4442395731203,Modal,
1.0927203222240522,-84.3789188503672,Modal,
1.0966028768581946,-84.3135701433651,Modal,
1.100499226632942,-84.2481932286538,Modal,
1.1044094205639357,-84.1827878807972,Modal,
1.1083335078409742,-84.1173538723763,Modal,
1.1122715378286336,-84.0518909739373,Modal,
1.1162235600668873,-83.9863989540219,Modal,
1.1201896242717297,-83.9208775791151,Modal,
1.1241697803358013,-83.8553266136223,Modal,
1.128164078329017,-83.7897458198646,Modal,
1.1321725684991955,-83.7241349580245,Modal,
1.136195301272691,-83.6584937861778,Modal,
1.140232327255029,-83.5928220602227,Modal,
1.1442836972315409,-83.5271195338758,Modal,
1.1483494621680046,-83.4613859586528,Modal,
1.1524296732112846,-83.3956210838337,Modal,
1.1565243816899764,-83.3298246564631,Modal,
1.1606336391150511,-83.26399642128,Modal,
1.1647574971805037,-83.1981361207585,Modal,
1.168896007764004,-83.1322434950222,Modal,
1.173049222927549,-83.0663182818643,Modal,
1.1772171949181172,-83.0003602166876,Modal,
1.1813999761683265,-82.9343690325137,Modal,
1.1855976192970936,-82.8683444599179,Modal,
1.189810177110296,-82.8022862270579,Modal,
1.1940377026014364,-82.7361940595698,Modal,
1.198280248952309,-82.6700676806298,Modal,
1.2025378695336686,-82.6039068108555,Modal,
1.2068106179059024,-82.5377111683279,Modal,
1.2110985478197034,-82.4714804685221,Modal,
1.2154017132167467,-82.4052144243095,Modal,
1.2197201682303678,-82.3389127459214,Modal,
1.2240539671862445,-82.2725751409176,Modal,
1.2284031646030789,-82.2062013141643,Modal,
1.2327678151932844,-82.1397909677785,Modal,
1.2371479738636737,-82.0733438011381,Modal,
1.241543695716149,-82.0068595108265,Modal,
1.2459550360483962,-81.9403377905955,Modal,
1.250382050354579,-81.873778331374,Modal,
1.2548247943260389,-81.8071808211714,Modal,
1.2592833238519943,-81.7405449450944,Modal,
1.2637576950202438,-81.6738703853273,Modal,
1.268247964117873,-81.6071568210359,Modal,
1.2727541876319606,-81.5404039284005,Modal,
1.2772764222502908,-81.4736113805375,Modal,
1.2818147248620655,-81.4067788474875,Modal,
1.2863691525586198,-81.3399059961635,Modal,
1.2909397626341412,-81.2729924903506,Modal,
1.2955266125863893,-81.2060379906277,Modal,
1.3001297601174193,-81.1390421543537,Modal,
1.3047492631343087,-81.0720046356238,Modal,
1.3093851797498846,-81.0049250852414,Modal,
1.3140375682834555,-80.9378031506739,Modal,
1.3187064872615453,-80.8706384760033,Modal,
1.323391995418628,-80.8034307019145,Modal,
1.3280941516978686,-80.7361794656328,Modal,
1.3328130152518627,-80.6688844008949,Modal,
1.3375486454433825,-80.6015451378898,Modal,
1.3423011018461217,-80.5341613032539,Modal,
1.3470704442454466,-80.4667325199991,Modal,
1.3518567326391469,-80.3992584074736,Modal,
1.356660027238191,-80.3317385813388,Modal,
1.361480388467484,-80.2641726534966,Modal,
1.3663178769666267,-80.1965602320654,Modal,
1.3711725535906794,-80.1289009213473,Modal,
1.3760444794109266,-80.0611943217343,Modal,
1.3809337157156465,-79.9934400297149,Modal,
1.3858403240108803,-79.9256376378115,Modal,
1.3907643660212077,-79.8577867345101,Modal,
1.3957059036905224,-79.7898869042367,Modal,
1.400664999182811,-79.7219377273059,Modal,
1.405641714882936,-79.6539387798606,Modal,
1.4106361133974203,-79.5858896338309,Modal,
1.415648257555234,-79.5177898568814,Modal,
1.4206782104085862,-79.4496390123492,Modal,
1.4257260352337164,-79.3814366592171,Modal,
1.4307917955316924,-79.3131823520235,Modal,
1.4358755550292077,-79.244875640838,Modal,
1.4409773776793837,-79.1765160711941,Modal,
1.4460973276625746,-79.1081031840357,Modal,
1.451235469387174,-79.0396365156563,Modal,
1.4563918674904262,-78.9711155976524,Modal,
1.4615665868392376,-78.9025399568461,Modal,
1.4667596925309945,-78.8339091152554,Modal,
1.4719712498943816,-78.7652225899862,Modal,
1.477201324490203,-78.6964798932267,Modal,
1.4824499821122077,-78.6276805321529,Modal,
1.4877172887879169,-78.5588240088593,Modal,
1.4930033107794551,-78.4899098203173,Modal,
1.4983081145843835,-78.4209374582935,Modal,
1.503631766936536,-78.3519064092957,Modal,
1.5089743348068587,-78.2828161544899,Modal,
1.514335885404254,-78.2136661696583,Modal,
1.5197164861764239,-78.1444559250863,Modal,
1.5251162048107196,-78.0751848855474,Modal,
1.530535109234993,-78.0058525101707,Modal,
1.5359732676184512,-77.9364582524338,Modal,
1.5414307483725138,-77.867001560033,Modal,
1.5469076201516736,-77.7974818748214,Modal,
1.5524039518543602,-77.7278986327738,Modal,
1.557919812623807,-77.6582512638375,Modal,
1.5634552718489212,-77.5885391919251,Modal,
1.5690103991651556,-77.5187618347876,Modal,
1.574585264455386,-77.4489186039333,Modal,
1.5801799378507893,-77.3790089045803,Modal,
1.5857944897317267,-77.3090321355359,Modal,
1.5914289907286276,-77.2389876891229,Modal,
1.5970835117228797,-77.1688749511139,Modal,
1.60275812384772,-77.0986933005983,Modal,
1.6084528984891295,-77.0284421099275,Modal,
1.6141679072867312,-76.9581207446157,Modal,
1.6199032221346918,-76.8877285632457,Modal,
1.6256589151826257,-76.8172649173612,Modal,
1.6314350588365032,-76.7467291513863,Modal,
1.6372317257595599,-76.67612060254,Modal,
1.6430489888732125,-76.6054386006822,Modal,
1.6488869213579755,-76.5346824682868,Modal,
1.6547455966543818,-76.4638515202842,Modal,
1.6606250884639062,-76.3929450639671,Modal,
1.666525470749893,-76.321962398904,Modal,
1.6724468177384864,-76.2509028168032,Modal,
1.6783892039195645,-76.1797656014348,Modal,
1.6843527040476753,-76.1085500284739,Modal,
1.6903373931429784,-76.0372553654276,Modal,
1.6963433464921884,-75.9658808714964,Modal,
1.7023706396495215,-75.8944257974673,Modal,
1.7084193484376462,-75.8228893855827,Modal,
1.7144895489486376,-75.7512708694118,Modal,
1.7205813175449338,-75.6795694737559,Modal,
1.7266947308602973,-75.6077844144873,Modal,
1.7328298658007788,-75.5359148984327,Modal,
1.738986799545684,-75.4639601232478,Modal,
1.745165609548546,-75.3919192772744,Modal,
1.751366373538098,-75.3197915394017,Modal,
1.7575891695192523,-75.2475760789403,Modal,
1.763834075774081,-75.1752720554549,Modal,
1.770101170862801,-75.102878618654,Modal,
1.776390533624762,-75.0303949082118,Modal,
1.7827022431794393,-74.9578200536386,Modal,
1.7890363789274273,-74.8851531741122,Modal,
1.79539302055144,-74.8123933783366,Modal,
1.8017722480173126,-74.739539764366,Modal,
1.8081741415750077,-74.6665914194718,Modal,
1.8145987817596247,-74.5935474199442,Modal,
1.8210462493924133,-74.5204068309444,Modal,
1.8275166255817896,-74.4471687063345,Modal,
1.8340099917243569,-74.3738320884871,Modal,
1.8405264295059294,-74.300396008123,Modal,
1.8470660209025598,-74.226859484123,Modal,
1.8536288481815713,-74.1532215233556,Modal,
1.860214993902591,-74.0794811204575,Modal,
1.8668245409185902,-74.0056372576799,Modal,
1.8734575723769251,-73.9316889046665,Modal,
1.8801141717203842,-73.8576350182602,Modal,
1.8867944226882372,-73.7834745423038,Modal,
1.893498409317288,-73.7092064074253,Modal,
1.900226215942933,-73.6348295308419,Modal,
1.9069779272002216,-73.5603428161125,Modal,
1.9137536280249203,-73.4857451529475,Modal,
1.9205534036545817,-73.4110354169745,Modal,
1.927377339629617,-73.3362124694987,Modal,
1.9342255217943718,-73.2612751572788,Modal,
1.9410980362982062,-73.1862223122867,Modal,
1.9479949695965775,-73.1110527514603,Modal,
1.9549164084521298,-73.0357652764512,Modal,
1.9618624399357838,-72.9603586733861,Modal,
1.9688331514278328,-72.8848317125811,Modal,
1.9758286306190413,-72.8091831483027,Modal,
1.9828489655117496,-72.7334117184801,Modal,
1.9898942444209795,-72.657516144429,Modal,
1.9969645559755458,-72.5814951305809,Modal,
2.0040599891191704,-72.5053473641883,Modal,
2.011180633111603,-72.4290715150239,Modal,
2.018326577529743,-72.3526662350866,Modal,
2.025497912268765,-72.2761301582987,Modal,
2.0326947275432525,-72.1994619001734,Modal,
2.03991711388833,-72.1226600575146,Modal,
2.047165162160804,-72.0457232080858,Modal,
2.0544389635403055,-71.9686499102509,Modal,
2.061738609530435,-71.8914387026641,Modal,
2.0690641919599173,-71.8140881039034,Modal,
2.0764158029837536,-71.7365966121111,Modal,
2.0837935350843813,-71.6589627046341,Modal,
2.0911974810728395,-71.5811848376359,Modal,
2.0986277340899346,-71.5032614457335,Modal,
2.1060843876074116,-71.4251909415999,Modal,
2.1135675354291314,-71.3469717155492,Modal,
2.1210772716922506,-71.2686021351415,Modal,
2.128613690868405,-71.1900805447595,Modal,
2.1361768877648983,-71.1114052651871,Modal,
2.143766957525895,-71.0325745931478,Modal,
2.1513839956336174,-70.9535868008803,Modal,
2.1590280979095464,-70.8744401356733,Modal,
2.1666993605156275,-70.7951328193848,Modal,
2.17439787995548,-70.7156630479619,Modal,
2.1821237530756097,-70.6360289909653,Modal,
2.1898770770666305,-70.5562287910434,Modal,
2.197657949464485,-70.4762605634232,Modal,
2.2054664681516694,-70.3961223953826,Modal,
2.2133027313584703,-70.3158123457051,Modal,
2.2211668376641946,-70.2353284441298,Modal,
2.2290588859984144,-70.1546686907693,Modal,
2.236978975642208,-70.0738310555393,Modal,
2.2449272062294106,-69.9928134775544,Modal,
2.252903677747866,-69.91161386452,Modal,
2.260908490540689,-69.8302300920968,Modal,
2.268941745307521,-69.7486600032631,Modal,
2.2770035431058018,-69.6669014076542,Modal,
2.28509398535204,-69.5849520808834,Modal,
2.293213173823086,-69.5028097638458,Modal,
2.3013612106574164,-69.4204721620129,Modal,
2.3095381983564165,-69.3379369447005,Modal,
2.31774423978567,-69.2552017443109,Modal,
2.325979438176253,-69.1722641555769,Modal,
2.3342438971260324,-69.0891217347624,Modal,
2.342537720600972,-69.0057719988586,Modal,
2.350861012936435,-68.922212424755,Modal,
2.3592138788385024,-68.8384404483722,Modal,
2.367596423385285,-68.7544534638086,Modal,
2.376008752028248,-68.670248822416,Modal,
2.384450970593538,-68.5858238318971,Modal,
2.392923185283314,-68.5011757553378,Modal,
2.4014255026770814,-68.4163018102477,Modal,
2.4099580297330343,-68.3311991675489,Modal,
2.418520873789402,-68.245864950546,Modal,
2.427114142565798,-68.1602962338688,Modal,
2.4357379441645746,-68.0744900423933,Modal,
2.4443923870721838,-67.9884433501118,Modal,
2.4530775801605427,-67.9021530789803,Modal,
2.461793632688401,-67.8156160977483,Modal,
2.470540654302717,-67.7288292207353,Modal,
2.4793187550400377,-67.6417892065797,Modal,
2.4881280453278802,-67.5544927569396,Modal,
2.4969686359861245,-67.4669365151893,Modal,
2.505840638228404,-67.3791170650413,Modal,
2.514744163663507,-67.2910309291382,Modal,
2.5236793242967805,-67.2026745676168,Modal,
2.532646232531538,-67.1140443766106,Modal,
2.5416450011704748,-67.0251366867221,Modal,
2.5506757434170857,-66.9359477614395,Modal,
2.559738572877091,-66.8464737955057,Modal,
2.568833603559863,-66.7567109132448,Modal,
2.5779609498798646,-66.6666551668324,Modal,
2.587120726658082,-66.5763025345116,Modal,
2.596313049123475,-66.4856489187507,Modal,
2.6055380329144255,-66.3946901443557,Modal,
2.6147957940801887,-66.3034219565047,Modal,
2.6240864490823568,-66.2118400187421,Modal,
2.633410114796323,-66.1199399108835,Modal,
2.6427669085127516,-66.027717126876,Modal,
2.652156947939053,-65.9351670725756,Modal,
2.6615803512008642,-65.8422850634612,Modal,
2.671037236843537,-65.7490663222626,Modal,
2.6805277238336265,-65.6555059765231,Modal,
2.6900519315603892,-65.5615990560718,Modal,
2.6996099798372857,-65.4673404904129,Modal,
2.709201988903486,-65.3727251060353,Modal,
2.7188280794253825,-65.2777476236214,Modal,
2.72848837249811,-65.182402655162,Modal,
2.738182989647066,-65.0866847009791,Modal,
2.747912052829442,-64.9905881466373,Modal,
2.7576756844357564,-64.8941072597555,Modal,
2.767474007291394,-64.7972361867037,Modal,
2.7773071446581525,-64.699968949176,Modal,
2.787175220235792,-64.602299440655,Modal,
2.79707835816359,-64.504221422745,Modal,
2.807016683021907,-64.4057285213601,Modal,
2.816990319833749,-64.3068142228023,Modal,
2.826999394066343,-64.2074718696634,Modal,
2.8370440316327152,-64.1076946566004,Modal,
2.847124358893274,-64.0074756259439,Modal,
2.8572405026574,-63.9068076631417,Modal,
2.867392590185042,-63.8056834920348,Modal,
2.8775807491883167,-63.7040956699529,Modal,
2.887805107833117,-63.6020365826181,Modal,
2.898065794740721,-63.4994984388623,Modal,
2.9083629389894146,-63.3964732651247,Modal,
2.9186966701161117,-63.2929528997468,Modal,
2.9290671181179855,-63.1889289870406,Modal,
2.9394744134541027,-63.0843929711137,Modal,
2.949918687047066,-62.97933608945,Modal,
2.9604000702846602,-62.8737493662401,Modal,
2.9709186950215054,-62.7676236054221,Modal,
2.9814746935807146,-62.6609493834554,Modal,
2.9920681987555606,-62.553717041784,Modal,
3.002699343811145,-62.445916678988,Modal,
3.0133682624860736,-62.337538142601,Modal,
3.0240750889941412,-62.2285710205964,Modal,
3.0348199580260187,-62.1190046324779,Modal,
3.045603004750948,-62.0088280200236,Modal,
3.0564243648184415,-61.8980299375913,Modal,
3.0672841743599886,-61.7865988420248,Modal,
3.07818256999077,-61.6745228820999,Modal,
3.089119688811375,-61.5617898874934,Modal,
3.1000956684095247,-61.4483873572688,Modal,
3.1111106468618064,-61.3343024478305,Modal,
3.122164762735407,-61.2195219603199,Modal,
3.1332581550898584,-61.1040323274369,Modal,
3.144390963478787,-60.98781959963,Modal,
3.155563327951667,-60.8708694306525,Modal,
3.1667753890555845,-60.7531670624145,Modal,
3.1780272878370046,-60.6346973091161,Modal,
3.1893191658435454,-60.5154445405947,Modal,
3.2006511651257608,-60.3953926648748,Modal,
3.212023428238924,-60.2745251098326,Modal,
3.223436098244823,-60.1528248039637,Modal,
3.234889318713561,-60.0302741561491,Modal,
3.24638323372536,-59.9068550344168,Modal,
3.257917987872376,-59.7825487435928,Modal,
3.269493726260516,-59.6573360017838,Modal,
3.2811105945112637,-59.5311969156281,Modal,
3.2927687387635145,-59.4041109542201,Modal,
3.3044683056754076,-59.2760569216421,Modal,
3.3162094424261754,-59.14701292799,Modal,
3.3279922967179973,-59.0169563588121,Modal,
3.3398170167778507,-58.8858638428428,Modal,
3.3516837513593827,-58.7537112179324,Modal,
3.363592649744776,-58.6204734950186,Modal,
3.375543861746629,-58.4861248200528,Modal,
3.3875375377098442,-58.3506384336773,Modal,
3.3995738285135126,-58.2139866285692,Modal,
3.411652885572815,-58.076140704197,Modal,
3.42377486084093,-57.9370709188898,Modal,
3.4359399068109386,-57.7967464389579,Modal,
3.448148176517748,-57.6551352846776,Modal,
3.460399823540017,-57.5122042729014,Modal,
3.472695002002082,-57.3679189560235,Modal,
3.485033866575905,-57.2222435570491,Modal,
3.49741657248301,-57.0751409004209,Modal,
3.5098432754964417,-56.9265723383286,Modal,
3.522314131942725,-56.7764976720622,Modal,
3.5348292987038263,-56.6248750680847,Modal,
3.5473889332191355,-56.4716609683453,Modal,
3.5599931934874385,-56.3168099943652,Modal,
3.572642238068908,-56.1602748445697,Modal,
3.5853362260871,-56.0020061842894,Modal,
3.5980753172309536,-55.8419525278071,Modal,
3.6108596717567987,-55.6800601117198,Modal,
3.6236894504903754,-55.5162727588665,Modal,
3.636564814828854,-55.3505317319681,Modal,
3.6494859267428663,-55.182775576009,Modal,
3.6624529487785447,-55.0129399483246,Modal,
3.675466044059564,-54.8409574352289,Modal,
3.6885253762891983,-54.6667573538867,Modal,
3.7016311097523737,-54.4902655379664,Modal,
3.71478340931774,-54.3114041054777,Modal,
3.7279824404397446,-54.1300912069888,Modal,
3.7412283691607096,-53.9462407521871,Modal,
3.754521362112928,-53.7597621125442,Modal,
3.767861586520752,-53.5705597975147,Modal,
3.7812492102027,-53.3785331013993,Modal,
3.794684401573571,-53.1835757176663,Modal,
3.8081673296465577,-52.9855753170254,Modal,
3.821698164035374,-52.784413085146,Modal,
3.835277074956395,-52.5799632152882,Modal,
3.8489042332307872,-52.37209235048,Modal,
3.862579810286666,-52.1606589691381,Modal,
3.876303978161251,-51.9455127071223,Modal,
3.890076909503026,-51.7264936081932,Modal,
3.9038987775739162,-51.5034312936455,Modal,
3.9177697562514635,-51.2761440404767,Modal,
3.931690020031016,-51.0444377557749,Modal,
3.9456597440279246,-50.8081048330624,Modal,
3.959679103979741,-50.5669228739619,Modal,
3.9737482762484357,-50.3206532558544,Modal,
3.987867437822609,-50.0690395227557,Modal,
4.002036766319721,-49.8118055728078,Modal,
4.01625643998833,-49.5486536108748,Modal,
4.030526637710326,-49.2792618290204,Modal,
4.0448475390031895,-49.0032817705958,Modal,
4.059219324022244,-48.7203353250751,Modal,
4.073642173562926,-48.4300112903333,Modal,
4.088116269063057,-48.1318614260732,Modal,
4.102641792605127,-47.8253959061877,Modal,
4.117218926918584,-47.5100780578358,Modal,
4.131847855382137,-47.1853182502418,Modal,
4.146528762026057,-46.8504667648206,Modal,
4.161261831534494,-46.5048054386196,Modal,
4.176047249247803,-46.1475378226102,Modal,
4.190885201164871,-45.7777775317567,Modal,
4.205775873945464,-45.3945343802735,Modal,
4.220719454912564,-44.9966977874407,Modal,
4.235716132054737,-44.5830167979104,Modal,
4.250766094028492,-44.1520758745529,Modal,
4.2658695301606535,-43.7022653762818,Modal,
4.281026630450745,-43.231745306354,Modal,
4.296237585573382,-42.7384004805626,Modal,
4.311502586880666,-42.219784681333,Modal,
4.326821826404589,-41.6730505847331,Modal,
4.342195496859463,-41.0948612166222,Modal,
4.357623791644326,-40.4812773576636,Modal,
4.37310690484539,-39.8276136651901,Modal,
4.3886450312384735,-39.1282544572705,Modal,
4.4042383662914535,-38.3764187166424,Modal,
4.41988710616673,-37.5638648066464,Modal,
4.435591447723685,-36.6805340434562,Modal,
4.4513515885211685,-35.7141637091926,Modal,
4.467167726819974,-34.6499965860056,Modal,
4.483040061585337,-33.4709961608256,Modal,
4.498968792489442,-32.1597927767726,Modal,
4.514954119913929,-30.7059274778588,Modal,
4.530996244952413,-29.1282891669034,Modal,
4.5470953694130225,-27.5354263580539,Modal,
4.563251695820927,-26.2395906774641,Modal,
4.579465427420891,-25.7653548909064,Modal,
4.595736768179832,-26.3772466355871,Modal,
4.612065922789383,-27.7067830547111,Modal,
4.628453096668469,-29.2514153220376,Modal,
4.64489849596589,-30.7477926891658,Modal,
4.661402327562914,-32.1123596640717,Modal,
4.6779647990758875,-33.3350485222163,Modal,
4.69458611885883,-34.4287255116616,Modal,
4.711266496006075,-35.4110149981949,Modal,
4.728006140354886,-36.2985794799071,Modal,
4.7448052624881,-37.1056818258341,Modal,
4.761664073736784,-37.8441266689093,Modal,
4.7785827861828825,-38.523588626071,Modal,
4.795561612661889,-39.1519987794913,Modal,
4.812600766765531,-39.73589008551,Modal,
4.8297004628444435,-40.2806803994136,Modal,
4.846860916010876,-40.7908967503166,Modal,
4.864082342141399,-41.2703509124836,Modal,
4.881364957879607,-41.722276539248,Modal,
4.898708980638864,-42.1494365636865,Modal,
4.916114628605019,-42.554207754977,Modal,
4.9335821207391595,-42.9386477247368,Modal,
4.951111676780372,-43.3045484040573,Modal,
4.968703517248493,-43.6534790345236,Modal,
4.986357863446895,-43.9868209799547,Modal,
5.004074937465263,-44.3057961143984,Modal,
5.02185496218239,-44.6114901295373,Modal,
5.039698161268985,-44.9048717957553,Modal,
5.057604759190482,-45.1868089784037,Modal,
5.075574981209862,-45.4580820347298,Modal,
5.093609053390495,-45.7193950827935,Modal,
5.111707202598978,-45.9713855309181,Modal,
5.129869656507983,-46.2146321768872,Modal,
5.14809664359914,-46.4496621245518,Modal,
5.166388393165887,-46.676956717359,Modal,
5.184745135316376,-46.8969566504976,Modal,
5.203167100976352,-47.1100663934091,Modal,
5.221654521892067,-47.3166580305878,Modal,
5.240207630633195,-47.5170746095612,Modal,
5.2588266605957505,-47.7116330695302,Modal,
5.277511846005034,-47.900626811843,Modal,
5.29626342191857,-48.0843279633002,Modal,
5.31508162422907,-48.262989375096,Modal,
5.3339666896674025,-48.4368463934299,Modal,
5.352918855805559,-48.6061184322392,Modal,
5.371938361059652,-48.7710103739016,Modal,
5.391025444692918,-48.9317138199136,Modal,
5.410180346818716,-49.0884082103398,Modal,
5.429403308403555,-49.2412618281676,Modal,
5.448694571270128,-49.3904327024181,Modal,
5.468054378100345,-49.5360694219931,Modal,
5.487482972438397,-49.6783118705872,Modal,
5.50698059869381,-49.8172918916673,Modal,
5.526547502144522,-49.9531338913221,Modal,
5.546183928939978,-50.0859553858,Modal,
5.565890126104211,-50.2158674997044,Modal,
5.585666341538962,-50.3429754200697,Modal,
5.605512824026793,-50.4673788109161,Modal,
5.625429823234213,-50.5891721923262,Modal,
5.645417589714832,-50.7084452876206,Modal,
5.665476374912498,-50.8252833417957,Modal,
5.685606431164467,-50.9397674140181,Modal,
5.70580801170458,-51.0519746466744,Modal,
5.726081370666443,-51.1619785131848,Modal,
5.7464267630866255,-51.2698490465609,Modal,
5.766844444907873,-51.3756530504723,Modal,
5.78733467298232,-51.4794542943935,Modal,
5.80789770507473,-51.5813136942643,Modal,
5.828533799865726,-51.6812894799143,Modal,
5.8492432169550534,-51.7794373504082,Modal,
5.87002621686485,-51.8758106183401,Modal,
5.890883061042908,-51.9704603440024,Modal,
5.911814011865981,-52.0634354602659,Modal,
5.932819332643068,-52.1547828889421,Modal,
5.9538992876187375,-52.244547649303,Modal,
5.975054141976449,-52.3327729593899,Modal,
5.996284161841886,-52.4195003306735,Modal,
6.017589614286303,-52.5047696565872,Modal,
6.038970767329894,-52.5886192953969,Modal,
6.060427889945154,-52.6710861478406,Modal,
6.081961252060265,-52.7522057299252,Modal,
6.103571124562499,-52.8320122412372,Modal,
6.125257779301612,-52.9105386291042,Modal,
6.147021489093283,-52.9878166488881,Modal,
6.168862527722524,-53.0638769207044,Modal,
6.190781169947139,-53.1387489828083,Modal,
6.21277769150118,-53.2124613418804,Modal,
6.234852369098406,-53.2850415204264,Modal,
6.257005480435777,-53.3565161014926,Modal,
6.279237304196935,-53.4269107708668,Modal,
6.301548120055716,-53.4962503569404,Modal,
6.323938208679672,-53.5645588683825,Modal,
6.346407851733592,-53.6318595297695,Modal,
6.368957331883054,-53.6981748152999,Modal,
6.391586932797979,-53.7635264807172,Modal,
6.414296939156194,-53.8279355935573,Modal,
6.437087636647019,-53.891422561817,Modal,
6.459959311974862,-53.9540071611503,Modal,
6.482912252862819,-54.0157085606754,Modal,
6.505946748056302,-54.0765453474806,Modal,
6.529063087326664,-54.1365355499047,Modal,
6.552261561474845,-54.195696659666,Modal,
6.575542462335039,-54.2540456529073,Modal,
6.5989060827783526,-54.3115990102205,Modal,
6.6223527167165,-54.3683727357059,Modal,
6.645882659105493,-54.4243823751281,Modal,
6.669496205949352,-54.4796430332137,Modal,
6.693193654303841,-54.5341693901401,Modal,
6.7169753022801855,-54.5879757172639,Modal,
6.740841449048836,-54.6410758921246,Modal,
6.764792394843234,-54.6934834127703,Modal,
6.788828440963574,-54.7452114114335,Modal,
6.812949889780606,-54.7962726676014,Modal,
6.837157044739444,-54.8466796205041,Modal,
6.861450210363363,-54.8964443810567,Modal,
6.885829692257652,-54.9455787432826,Modal,
6.910295797113447,-54.9940941952431,Modal,
6.934848832711585,-55.042001929501,Modal,
6.959489107926491,-55.0893128531404,Modal,
6.984216932730048,-55.1360375973658,Modal,
7.009032618195507,-55.1821865267005,Modal,
7.033936476501394,-55.2277697478047,Modal,
7.058928820935437,-55.2727971179345,Modal,
7.084009965898517,-55.3172782530531,Modal,
7.109180226908608,-55.3612225356188,Modal,
7.134439920604756,-55.4046391220581,Modal,
7.159789364751065,-55.4475369499441,Modal,
7.185228878240682,-55.4899247448928,Modal,
7.210758781099821,-55.5318110271875,Modal,
7.236379394491782,-55.5732041181485,Modal,
7.2620910407209935,-55.6141121462567,Modal,
7.287894043237071,-55.6545430530447,Modal,
7.313788726638875,-55.6945045987626,Modal,
7.339775416678604,-55.7340043678321,Modal,
7.365854440265892,-55.7730497740976,Modal,
7.392026125471914,-55.8116480658808,Modal,
7.418290801533525,-55.8498063308514,Modal,
7.444648798857386,-55.8875315007189,Modal,
7.471100449024132,-55.9248303557544,Modal,
7.497646084792545,-55.9617095291498,Modal,
7.524286040103729,-55.9981755112219,Modal,
7.551020650085318,-56.0342346534659,Modal,
7.577850251055696,-56.0698931724679,Modal,
7.604775180528218,-56.1051571536788,Modal,
7.631795777215459,-56.1400325550585,Modal,
7.658912381033487,-56.1745252105939,Modal,
7.686125333106116,-56.2086408336957,Modal,
7.71343497576922,-56.2423850204811,Modal,
7.740841652575025,-56.2757632529439,Modal,
7.768345708296433,-56.3087809020192,Modal,
7.795947488931372,-56.3414432305459,Modal,
7.823647341707124,-56.3737553961308,Modal,
7.851445615084723,-56.4057224539183,Modal,
7.87934265876331,-56.4373493592697,Modal,
7.907338823684551,-56.4686409703557,Modal,
7.935434462037048,-56.4996020506649,Modal,
7.963629927260763,-56.5302372714321,Modal,
7.991925574051471,-56.5605512139891,Modal,
8.020321758365222,-56.5905483720414,Modal,
8.048818837422813,-56.6202331538725,Modal,
8.077417169714284,-56.64960988448,Modal,
8.106117115003437,-56.6786828076459,Modal,
8.134919034332345,-56.7074560879407,Modal,
8.163823290025912,-56.7359338126691,Modal,
8.192830245696413,-56.7641199937538,Modal,
8.221940266248083,-56.7920185695635,Modal,
8.251153717881701,-56.8196334066854,Modal,
8.280470968099193,-56.8469683016451,Modal,
8.309892385708267,-56.8740269825744,Modal,
8.33941834082704,-56.9008131108308,Modal,
8.369049204888693,-56.9273302825683,Modal,
8.398785350646166,-56.9535820302632,Modal,
8.428627152176817,-56.9795718241949,Modal,
8.458574984887145,-57.0053030738843,Modal,
8.488629225517512,-57.0307791294906,Modal,
8.51879025214688,-57.056003283168,Modal,
8.54905844419756,-57.0809787703846,Modal,
8.57943418244,-57.1057087712032,Modal,
8.609917848997563,-57.1301964115266,Modal,
8.640509827351341,-57.154444764308,Modal,
8.671210502344973,-57.1784568507276,Modal,
8.702020260189485,-57.2022356413371,Modal,
8.732939488468167,-57.2257840571724,Modal,
8.763968576141421,-57.2491049708359,Modal,
8.795107913551675,-57.2722012075495,Modal,
8.826357892428284,-57.2950755461796,Modal,
8.857718905892458,-57.3177307202334,Modal,
8.889191348462216,-57.3401694188297,Modal,
8.920775616057337,-57.3623942876433,Modal,
8.952472106004345,-57.3844079298247,Modal,
8.984281217041516,-57.4062129068951,Modal,
9.016203349323881,-57.4278117396189,Modal,
9.048238904428262,-57.4492069088523,Modal,
9.080388285358337,-57.470400856371,Modal,
9.112651896549691,-57.4913959856759,Modal,
9.145030143874923,-57.5121946627786,Modal,
9.177523434648728,-57.5327992169662,Modal,
9.210132177633046,-57.5532119415475,Modal,
9.242856783042189,-57.5734350945799,Modal,
9.275697662548001,-57.5934708995781,Modal,
9.308655229285051,-57.6133215462052,Modal,
9.341729897855812,-57.6329891909464,Modal,
9.374922084335884,-57.6524759577665,Modal,
9.408232206279237,-57.6717839387504,Modal,
9.441660682723448,-57.690915194729,Modal,
9.475207934194982,-57.7098717558887,Modal,
9.508874382714486,-57.7286556223672,Modal,
9.542660451802087,-57.747268764834,Modal,
9.576566566482722,-57.7657131250574,Modal,
9.610593153291498,-57.7839906164582,Modal,
9.64474064027904,-57.8021031246496,Modal,
9.679009457016887,-57.8200525079648,Modal,
9.713400034602891,-57.837840597972,Modal,
9.747912805666639,-57.8554691999773,Modal,
9.782548204374908,-57.8729400935161,Modal,
9.817306666437103,-57.8902550328326,Modal,
9.852188629110767,-57.9074157473487,Modal,
9.887194531207056,-57.9244239421219,Modal,
9.92232481309627,-57.9412812982926,Modal,
9.9575799167134,-57.9579894735216,Modal,
9.992960285563676,-57.9745501024173,Modal,
10.028466364728148,-57.990964796953,Modal,
10.064098600869292,-58.0072351468757,Modal,
10.099857442236628,-58.0233627201051,Modal,
10.135743338672341,-58.0393490631235,Modal,
10.171756741616969,-58.0551957013578,Modal,
10.207898104115067,-58.0709041395523,Modal,
10.244167880820891,-58.0864758621341,Modal,
10.280566528004151,-58.1019123335695,Modal,
10.317094503555731,-58.1172149987136,Modal,
10.353752266993437,-58.1323852831518,Modal,
10.390540279467807,-58.1474245935339,Modal,
10.427459003767897,-58.1623343179014,Modal,
10.464508904327086,-58.1771158260075,Modal,
10.501690447228954,-58.1917704696299,Modal,
10.539004100213127,-58.2062995828781,Modal,
10.576450332681143,-58.2207044824929,Modal,
10.614029615702389,-58.2349864681403,Modal,
10.651742422020014,-58.2491468226996,Modal,
10.689589226056874,-58.2631868125444,Modal,
10.72757050392149,-58.2771076878186,Modal,
10.765686733414059,-58.2909106827068,Modal,
10.803938394032462,-58.3045970156984,Modal,
10.842325966978265,-58.3181678898468,Modal,
10.880849935162816,-58.3316244930233,Modal,
10.919510783213298,-58.3449679981658,Modal,
10.958308997478813,-58.358199563522,Modal,
10.997245066036527,-58.3713203328888,Modal,
11.0363194786978,-58.3843314358455,Modal,
11.075532727014332,-58.3972339879834,Modal,
11.114885304284371,-58.4100290911303,Modal,
11.154377705558902,-58.4227178335708,Modal,
11.194010427647891,-58.4353012902622,Modal,
11.233783969126502,-58.4477805230459,Modal,
11.273698830341413,-58.4601565808551,Modal,
11.313755513417082,-58.4724304999179,Modal,
11.353954522262057,-58.484603303957,Modal,
11.394296362575346,-58.4966760043853,Modal,
11.434781541852757,-58.5086496004975,Modal,
11.475410569393276,-58.5205250796585,Modal,
11.516183956305492,-58.5323034174878,Modal,
11.557102215514023,-58.5439855780404,Modal,
11.598165861765949,-58.5555725139847,Modal,
11.639375411637316,-58.5670651667764,Modal,
11.680731383539625,-58.5784644668298,Modal,
11.72223429772633,-58.5897713336851,Modal,
11.763884676299416,-58.6009866761733,Modal,
11.805683043215963,-58.6121113925778,Modal,
11.847629924294699,-58.6231463707929,Modal,
11.889725847222671,-58.6340924884791,Modal,
11.931971341561843,-58.6449506132165,Modal,
11.974366938755779,-58.655721602654,Modal,
12.016913172136302,-58.6664063046571,Modal,
12.05961057693024,-58.6770055574525,Modal,
12.102459690266137,-58.6875201897695,Modal,
12.145461051181002,-58.6979510209796,Modal,
12.188615200627108,-58.7082988612338,Modal,
12.231922681478805,-58.7185645115964,Modal,
12.275384038539306,-58.7287487641773,Modal,
12.31899981854759,-58.7388524022616,Modal,
12.362770570185262,-58.7488762004372,Modal,
12.40669684408343,-58.7588209247194,Modal,
12.450779192829678,-58.7686873326746,Modal,
12.495018170974985,-58.7784761735403,Modal,
12.539414335040716,-58.7881881883443,Modal,
12.583968243525598,-58.7978241100211,Modal,
12.628680456912786,-58.8073846635264,Modal,
12.673551537676891,-58.81687056595,Modal,
12.71858205029104,-58.8262825266262,Modal,
12.763772561234013,-58.8356212472428,Modal,
12.80912363899735,-58.8448874219478,Modal,
12.85463585409249,-58.8540817374546,Modal,
12.90030977905797,-58.8632048731457,Modal,
12.946145988466627,-58.8722575011735,Modal,
12.9921450589328,-58.881240286561,Modal,
13.038307569119615,-58.8901538872993,Modal,
13.084634099746253,-58.8989989544449,Modal,
13.13112523359524,-58.907776132214,Modal,
13.177781555519802,-58.9164860580763,Modal,
13.224603652451218,-58.9251293628465,Modal,
13.27159211340618,-58.9337066707752,Modal,
13.318747529494237,-58.9422185996371,Modal,
13.366070493925207,-58.9506657608189,Modal,
13.413561602016658,-58.9590487594049,Modal,
13.461221451201364,-58.9673681942621,Modal,
13.509050641034863,-58.9756246581228,Modal,
13.55704977320298,-58.9838187376671,Modal,
13.605219451529372,-58.9919510136028,Modal,
13.653560281983175,-59.0000220607453,Modal,
13.70207287268659,-59.0080324480954,Modal,
13.750757833922533,-59.015982738916,Modal,
13.79961577814233,-59.0238734908075,Modal,
13.848647319973425,-59.0317052557829,Modal,
13.897853076227072,-59.0394785803399,Modal,
13.947233665906149,-59.0471940055341,Modal,
13.996789710212903,-59.054852067049,Modal,
14.0465218325568,-59.0624532952667,Modal,
14.096430658562317,-59.0699982153357,Modal,
14.146516816076868,-59.0774873472395,Modal,
14.196780935178678,-59.0849212058627,Modal,
14.247223648184686,-59.0923003010568,Modal,
14.297845589658541,-59.0996251377049,Modal,
14.348647396418574,-59.1068962157851,Modal,
14.39962970754577,-59.1141140304336,Modal,
14.450793164391868,-59.1212790720061,Modal,
14.502138410587392,-59.1283918261386,Modal,
14.553666092049744,-59.1354527738076,Modal,
14.60537685699135,-59.1424623913887,Modal,
14.657271355927818,-59.1494211507152,Modal,
14.70935024168608,-59.1563295191348,Modal,
14.761614169412656,-59.1631879595665,Modal,
14.814063796581875,-59.1699969305559,Modal,
14.86669978300412,-59.1767568863301,Modal,
14.919522790834177,-59.1834682768515,Modal,
14.97253348457953,-59.1901315478712,Modal,
15.02573253110874,-59.1967471409813,Modal,
15.079120599659804,-59.2033154936663,Modal,
15.132698361848613,-59.2098370393545,Modal,
15.186466491677384,-59.2163122074679,Modal,
15.240425665543116,-59.2227414234713,Modal,
15.294576562246144,-59.2291251089218,Modal,
15.348919862998653,-59.2354636815161,Modal,
15.403456251433225,-59.2417575551385,Modal,
15.458186413611491,-59.2480071399069,Modal,
15.513111038032728,-59.2542128422195,Modal,
15.568230815642508,-59.2603750647998,Modal,
15.623546439841427,-59.2664942067415,Modal,
15.679058606493806,-59.2725706635527,Modal,
15.734768013936451,-59.278604827199,Modal,
15.790675362987415,-59.2845970861471,Modal,
15.846781356954853,-59.2905478254065,Modal,
15.90308670164586,-59.2964574265716,Modal,
15.959592105375306,-59.3023262678627,Modal,
16.01629827897481,-59.3081547241667,Modal,
16.073205935801656,-59.3139431670771,Modal,
16.130315791747734,-59.3196919649335,Modal,
16.187628565248605,-59.3254014828607,Modal,
16.24514497729251,-59.3310720828071,Modal,
16.302865751429415,-59.3367041235825,Modal,
16.360791613780158,-59.3422979608955,Modal,
16.41892329304557,-59.3478539473908,Modal,
16.477261520515608,-59.3533724326853,Modal,
16.535807030078605,-59.3588537634042,Modal,
16.594560558230484,-59.3642982832163,Modal,
16.65352284408399,-59.3697063328693,Modal,
16.712694629378046,-59.3750782502242,Modal,
16.772076658487038,-59.3804143702894,Modal,
16.831669678430206,-59.3857150252543,Modal,
16.891474438881016,-59.3909805445227,Modal,
16.951491692176617,-59.3962112547456,Modal,
17.0117221933273,-59.4014074798534,Modal,
17.07216670002597,-59.406569541088,Modal,
17.132825972657713,-59.4116977570343,Modal,
17.19370077430935,-59.4167924436513,Modal,
17.254791870779012,-59.4218539143031,Modal,
17.31610003058581,-59.426882479789,Modal,
17.377626024979506,-59.4318784483734,Modal,
17.439370627950144,-59.436842125816,Modal,
17.501334616237887,-59.4417738154003,Modal,
17.563518769342725,-59.446673817963,Modal,
17.625923869534304,-59.4515424319223,Modal,
17.68855070186173,-59.456379953306,Modal,
17.751400054163508,-59.4611866757796,Modal,
17.814472717077415,-59.4659628906734,Modal,
17.877769484050425,-59.4707088870101,Modal,
17.941291151348743,-59.4754249515312,Modal,
18.005038518067792,-59.4801113687235,Modal,
18.06901238614224,-59.4847684208458,Modal,
18.133213560356154,-59.4893963879541,Modal,
18.197642848353073,-59.4939955479273,Modal,
18.262301060646166,-59.4985661764929,Modal,
18.327189010628462,-59.5031085472512,Modal,
18.392307514583067,-59.5076229317005,Modal,
18.457657391693406,-59.5121095992613,Modal,
18.523239464053578,-59.5165688173003,Modal,
18.589054556678672,-59.5210008511541,Modal,
18.655103497515114,-59.5254059641529,Modal,
18.721387117451147,-59.5297844176436,Modal,
18.78790625032724,-59.5341364710129,Modal,
18.8546617329466,-59.5384623817096,Modal,
18.92165440508565,-59.5427624052677,Modal,
18.988885109504672,-59.5470367953279,Modal,
19.056354691958354,-59.55128580366,Modal,
19.124064001206428,-59.5555096801841,Modal,
19.192013889024373,-59.5597086729927,Modal,
19.26020521021414,-59.5638830283712,Modal,
19.328638822614835,-59.5680329908192,Modal,
19.39731558711361,-59.5721588030713,Modal,
19.46623636765642,-59.5762607061172,Modal,
19.53540203125891,-59.5803389392225,Modal,
19.604813448017335,-59.5843937399481,Modal,
19.6744714911195,-59.5884253441705,Modal,
19.74437703685574,-59.5924339861011,Modal,
19.81453096462993,-59.596419898306,Modal,
19.884934156970584,-59.6003833117244,Modal,
19.95558749954193,-59.6043244556884,Modal,
20.026491881155042,-59.6082435579412,Modal,
20.097648193779058,-59.6121408446558,Modal,
20.16905733255238,-59.6160165404536,Modal,
20.24072019579391,-59.6198708684222,Modal,
20.312637685014394,-59.6237040501333,Modal,
20.38481070492776,-59.627516305661,Modal,
20.45724016346244,-59.631307853599,Modal,
20.52992697177287,-59.635078911078,Modal,
20.602872044250915,-59.6388296937831,Modal,
20.676076298537353,-59.6425604159705,Modal,
20.749540655533455,-59.6462712904849,Modal,
20.823266039412566,-59.6499625287758,Modal,
20.897253377631685,-59.6536343409141,Modal,
20.9715036009432,-59.6572869356085,Modal,
21.046017643406554,-59.6609205202217,Modal,
21.12079644240001,-59.6645353007863,Modal,
21.195840938632415,-59.6681314820209,Modal,
21.27115207615508,-59.6717092673456,Modal,
21.346730802373642,-59.6752688588975,Modal,
21.422578068059938,-59.6788104575463,Modal,
21.49869482736403,-59.6823342629096,Modal,
21.575082037826185,-59.6858404733675,Modal,
21.65174066038888,-59.6893292860781,Modal,
21.72867165940896,-59.692800896992,Modal,
21.805876002669727,-59.6962555008671,Modal,
21.883354661393106,-59.6996932912829,Modal,
21.961108610251895,-59.7031144606551,Modal,
22.03913882738201,-59.7065192002498,Modal,
22.117446294394803,-59.7099077001975,Modal,
22.196031996389358,-59.7132801495069,Modal,
22.27489692196496,-59.7166367360794,Modal,
22.3540420632335,-59.7199776467218,Modal,
22.43346841583191,-59.7233030671609,Modal,
22.51317697893477,-59.7266131820562,Modal,
22.593168755266824,-59.7299081750135,Modal,
22.67344475111559,-59.7331882285983,Modal,
22.75400597634405,-59.7364535243486,Modal,
22.83485344440336,-59.7397042427877,Modal,
22.91598817234553,-59.7429405634377,Modal,
22.9974111808363,-59.7461626648315,Modal,
23.07912349416796,-59.749370724526,Modal,
23.16112614027217,-59.7525649191141,Modal,
23.243420150732998,-59.7557454242376,Modal,
23.32600656079983,-59.7589124145989,Modal,
23.40888640940037,-59.7620660639737,Modal,
23.49206073915379,-59.765206545223,Modal,
23.575530596383782,-59.7683340303046,Modal,
23.659297031131754,-59.7714486902856,Modal,
23.74336109716999,-59.7745506953536,Modal,
23.827723852014984,-59.7776402148288,Modal,
23.91238635694069,-59.7807174171752,Modal,
23.99734967699186,-59.7837824700124,Modal,
24.082614880997493,-59.7868355401268,Modal,
24.16818304158426,-59.7898767934827,Modal,
24.254055235189952,-59.7929063952338,Modal,
24.340232542077104,-59.7959245097341,Modal,
24.42671604634653,-59.7989313005488,Modal,
24.513506835950945,-59.8019269304656,Modal,
24.600606002708716,-59.8049115615051,Modal,
24.688014642317544,-59.8078853549316,Modal,
24.775733854368273,-59.8108484712639,Modal,
24.863764742358686,-59.8138010702858,Modal,
24.95210841370744,-59.8167433110566,Modal,
25.040765979767976,-59.8196753519213,Modal,
25.129738555842465,-59.8225973505212,Modal,
25.219027261195894,-59.825509463804,Modal,
25.308633219070128,-59.8284118480338,Modal,
25.398557556697995,-59.8313046588014,Modal,
25.488801405317535,-59.8341880510343,Modal,
25.579365900186215,-59.8370621790063,Modal,
25.67025218059514,-59.8399271963478,Modal,
25.76146138988349,-59.8427832560552,Modal,
25.852994675452855,-59.845630510501,Modal,
25.94485318878162,-59.8484691114429,Modal,
26.037038085439548,-59.8512992100338,Modal,
26.129550525102264,-59.854120956831,Modal,
26.222391671565802,-59.8569345018059,Modal,
26.315562692761336,-59.859739994353,Modal,
26.409064760769816,-59.8625375832995,Modal,
26.502899051836728,-59.8653274169146,Modal,
26.597066746386854,-59.8681096429179,Modal,
26.691569029039197,-59.8708844084897,Modal,
26.78640708862183,-59.8736518602788,Modal,
26.881582118186824,-59.8764121444123,Modal,
26.97709531502535,-59.8791654065043,Modal,
27.072947880682662,-59.8819117916645,Modal,
27.169141020973214,-59.8846514445073,Modal,
27.265675945995877,-59.8873845091601,Modal,
27.36255387014915,-59.8901111292725,Modal,
27.459776012146367,-59.8928314480246,Modal,
27.557343595031135,-59.8955456081355,Modal,
27.65525784619265,-59.898253751872,Modal,
27.75351999738117,-59.9009560210567,Modal,
27.852131284723455,-59.9036525570768,Modal,
27.9510929487384,-59.9063435008922,Modal,
28.0504062343526,-59.9090289930439,Modal,
28.15007239091597,-59.9117091736618,Modal,
28.250092672217537,-59.9143841824736,Modal,
28.350468336501184,-59.9170541588123,Modal,
28.451200646481425,-59.9197192416245,Modal,
28.552290869359386,-59.9223795694786,Modal,
28.65374027683869,-59.9250352805724,Modal,
28.755550145141417,-59.9276865127413,Modal,
28.857721755024258,-59.9303334034662,Modal,
28.960256391794562,-59.932976089881,Modal,
29.06315534532647,-59.9356147087808,Modal,
29.166419910077245,-59.9382493966294,Modal,
29.270051385103482,-59.940880289567,Modal,
29.37405107407743,-59.943507523418,Modal,
29.47842028530347,-59.9461312336985,Modal,
29.58316033173452,-59.9487515556237,Modal,
29.688272530988566,-59.9513686241157,Modal,
29.793758205365208,-59.953982573811,Modal,
29.899618681862353,-59.9565935390675,Modal,
30.005855292192884,-59.9592016539724,Modal,
30.112469372801346,-59.9618070523492,Modal,
30.219462264880885,-59.9644098677654,Modal,
30.32683531439003,-59.9670102335394,Modal,
30.434589872069623,-59.9696082827476,Modal,
30.542727293459862,-59.9722041482324,Modal,
30.65124893891734,-59.9747979626083,Modal,
30.760156173632097,-59.97738985827,Modal,
30.869450367644884,-59.9799799673986,Modal,
30.97913289586435,-59.9825684219694,Modal,
31.08920513808435,-59.9851553537585,Modal,
31.199668479001254,-59.9877408943497,Modal,
31.31052430823146,-59.9903251751419,Modal,
31.421774020328826,-59.9929083273555,Modal,
31.533419014802153,-59.9954904820394,Modal,
31.645460696132908,-59.9980717700782,Modal,
31.75790047379283,-60.0006523221984,Modal,
31.87073976226162,-60.0032322689757,Modal,
31.98397998104483,-60.0058117408415,Modal,
32.09762255469166,-60.0083908680896,Modal,
32.21166891281285,-60.0109697808828,Modal,
32.326120490098745,-60.0135486092598,Modal,
32.440978726337306,-60.0161274831416,Modal,
32.556245066432176,-60.0187065323381,Modal,
32.67192096042093,-60.0212858865547,Modal,
32.78800786349329,-60.0238656753987,Modal,
32.904507236009394,-60.0264460283861,Modal,
33.02142054351823,-60.0290270749475,Modal,
33.13874925677603,-60.0316089444353,Modal,
33.2564948517648,-60.0341917661293,Modal,
33.374658809710816,-60.0367756692436,Modal,
33.49324261710338,-60.0393607829327,Modal,
33.612247765713434,-60.041947236298,Modal,
33.73167575261231,-60.0445351583938,Modal,
33.85152808019063,-60.0471246782339,Modal,
33.971806256177196,-60.0497159247976,Modal,
34.09251179365786,-60.0523090270359,Modal,
34.213646211094705,-60.0549041138779,Modal,
34.33521103234507,-60.0575013142367,Modal,
34.45720778668066,-60.0601007570155,Modal,
34.57963800880693,-60.0627025711139,Modal,
34.702503238882265,-60.065306885434,Modal,
34.82580502253744,-60.0679138288861,Modal,
34.94954491089494,-60.0705235303951,Modal,
35.07372446058866,-60.0731361189064,Modal,
35.19834523378334,-60.0757517233915,Modal,
35.32340879819424,-60.0783704728546,Modal,
35.44891672710691,-60.0809924963378,Modal,
35.57487059939698,-60.0836179229277,Modal,
35.701271999549924,-60.0862468817608,Modal,
35.82812251768113,-60.0888795020294,Modal,
35.95542374955585,-60.0915159129874,Modal,
36.08317729660918,-60.0941562439565,Modal,
36.21138476596637,-60.0968006243314,Modal,
36.34004777046297,-60.0994491835858,Modal,
36.46916792866501,-60.1021020512781,Modal,
36.59874686488957,-60.1047593570573,Modal,
36.72878620922507,-60.1074212306684,Modal,
36.85928759755178,-60.1100878019581,Modal,
36.99025267156246,-60.1127592008804,Modal,
37.121683078783,-60.1154355575024,Modal,
37.25358047259312,-60.1181170020097,Modal,
37.38594651224713,-60.1208036647121,Modal,
37.51878286289492,-60.1234956760488,Modal,
37.65209119560282,-60.1261931665944,Modal,
37.7858731873746,-60.128896267064,Modal,
37.92013052117265,-60.1316051083188,Modal,
38.054864885939125,-60.1343198213716,Modal,
38.19007797661711,-60.1370405373921,Modal,
38.325771494172066,-60.1397673877123,Modal,
38.46194714561317,-60.1425005038319,Modal,
38.59860664401473,-60.1452400174238,Modal,
38.73575170853786,-60.147986060339,Modal,
38.87338406445201,-60.1507387646124,Modal,
39.01150544315673,-60.1534982624677,Modal,
39.15011758220335,-60.1562646863228,Modal,
39.28922222531699,-60.159038168795,Modal,
39.42882112241839,-60.1618188427063,Modal,
39.56891602964591,-60.1646068410883,Modal,
39.70950870937772,-60.1674022971876,Modal,
39.850600930253904,-60.1702053444709,Modal,
39.99219446719865,-60.17301611663,Modal,
40.13429110144273,-60.1758347475869,Modal,
40.27689262054579,-60.1786613714989,Modal,
40.42000081841884,-60.1814961227636,Modal,
40.56361749534691,-60.1843391360239,Modal,
40.70774445801162,-60.1871905461728,Modal,
40.85238351951387,-60.1900504883589,Modal,
40.99753649939679,-60.1929190979905,Modal,
41.14320522366852,-60.1957965107412,Modal,
41.28939152482515,-60.1986828625544,Modal,
41.4360972418739,-60.2015782896483,Modal,
41.583324220356154,-60.2044829285205,Modal,
41.73107431237074,-60.207396915953,Modal,
41.8793493765971,-60.2103203890169,Modal,
42.02815127831887,-60.2132534850772,Modal,
42.17748188944722,-60.2161963417972,Modal,
42.327343088544374,-60.2191490971435,Modal,
42.47773676084734,-60.2221118893905,Modal,
42.62866479829159,-60.2250848571251,Modal,
42.78012909953478,-60.228068139251,Modal,
42.932131569980776,-60.2310618749936,Modal,
43.084674121803545,-60.2340662039044,Modal,
43.23775867397115,-60.2370812658653,Modal,
43.391387152270035,-60.2401072010934,Modal,
43.545561489329145,-60.243144150145,Modal,
43.70028362464427,-60.2461922539204,Modal,
43.85555550460241,-60.249251653668,Modal,
44.01137908250633,-60.2523224909885,Modal,
44.167756318599096,-60.2554049078397,Modal,
44.32468918008868,-60.2584990465401,Modal,
44.48217964117281,-60.2616050497736,Modal,
44.640229683063765,-60.2647230605934,Modal,
44.79884129401321,-60.2678532224263,Modal,
44.95801646933735,-60.2709956790766,Modal,
45.11775721144199,-60.2741505747303,Modal,
45.27806552984761,-60.2773180539594,Modal,
45.43894344121482,-60.280498261725,Modal,
45.60039296936962,-60.2836913433824,Modal,
45.76241614532885,-60.2868974446841,Modal,
45.92501500732581,-60.2901167117838,Modal,
46.088191600835906,-60.2933492912409,Modal,
46.251947978602225,-60.2965953300231,Modal,
46.41628620066158,-60.2998549755113,Modal,
46.58120833437028,-60.3031283755023,Modal,
46.7467164544302,-60.3064156782131,Modal,
46.9128126429148,-60.3097170322841,Modal,
47.07949898929543,-60.3130325867828,Modal,
47.24677759046757,-60.3163624912071,Modal,
47.41465055077712,-60.319706895489,Modal,
47.58311998204702,-60.3230659499977,Modal,
47.75218800360376,-60.3264398055431,Modal,
47.92185674230396,-60.3298286133789,Modal,
48.09212833256123,-60.333232525206,Modal,
48.26300491637303,-60.3366516931755,Modal,
48.43448864334747,-60.3400862698918,Modal,
48.606581670730534,-60.3435364084156,Modal,
48.77928616343311,-60.3470022622671,Modal,
48.95260429405829,-60.3504839854285,Modal,
49.12653824292856,-60.3539817323474,Modal,
49.30109019811343,-60.3574956579388,Modal,
49.47626235545684,-60.3610259175887,Modal,
49.65205691860474,-60.3645726671559,Modal,
49.828476099032954,-60.3681360629753,Modal,
50.005522116074914,-60.3717162618597,Modal,
50.1831971969495,-60.3753134211029,Modal,
50.36150357678925,-60.3789276984815,Modal,
50.540443498668324,-60.3825592522574,Modal,
50.72001921363075,-60.38620824118,Modal,
50.9002329807188,-60.3898748244883,Modal,
51.08108706700138,-60.3935591619129,Modal,
51.262583747602456,-60.3972614136779,Modal,
51.444725305729854,-60.4009817405028,Modal,
51.62751403270386,-60.4047203036043,Modal,
51.810952227986014,-60.4084772646978,Modal,
51.995042199208164,-60.4122527859991,Modal,
52.179786262201404,-60.4160470302261,Modal,
52.365186741025255,-60.4198601605996,Modal,
52.551245967996785,-60.4236923408452,Modal,
52.73796628372013,-60.427543735194,Modal,
52.92535003711585,-60.4314145083841,Modal,
53.11339958545038,-60.4353048256612,Modal,
53.302117294365885,-60.4392148527796,Modal,
53.4915055379099,-60.4431447560027,Modal,
53.68156669856513,-60.4470947021043,Modal,
53.87230316727957,-60.4510648583681,Modal,
54.06371734349655,-60.4550553925889,Modal,
54.255811635184756,-60.4590664730725,Modal,
54.44858845886878,-60.4630982686357,Modal,
54.642050239659326,-60.4671509486065,Modal,
54.836199411283815,-60.4712246828238,Modal,
55.03103841611691,-60.4753196416373,Modal,
55.22656970521133,-60.4794359959067,Modal,
55.42279573832872,-60.4835739170014,Modal,
55.61971898397038,-60.4877335767997,Modal,
55.81734191940859,-60.4919151476878,Modal,
56.01566703071762,-60.4961188025588,Modal,
56.21469681280498,-60.5003447148113,Modal,
56.414433769442915,-60.5045930583485,Modal,
56.61488041329986,-60.5088640075758,Modal,
56.816039265971945,-60.5131577373998,Modal,
57.017912858014896,-60.5174744232261,Modal,
57.220503728975785,-60.5218142409569,Modal,
57.42381442742487,-60.5261773669889,Modal,
57.62784751098786,-60.530563978211,Modal,
57.83260554637799,-60.5349742520011,Modal,
58.03809110942819,-60.5394083662234,Modal,
58.244306785123726,-60.5438664992252,Modal,
58.45125516763456,-60.5483488298336,Modal,
58.65893886034804,-60.5528555373515,Modal,
58.86736047590156,-60.5573868015542,Modal,
59.0765226362156,-60.5619428026851,Modal,
59.286427972526575,-60.5665237214511,Modal,
59.49707912541991,-60.5711297390184,Modal,
59.70847874486339,-60.5757610370074,Modal,
59.92062949024044,-60.5804177974873,Modal,
60.133534030383466,-60.585100202971,Modal,
60.34719504360761,-60.5898084364091,Modal,
60.56161521774439,-60.5945426811841,Modal,
60.776797250175356,-60.5993031211038,Modal,
60.99274384786626,-60.6040899403946,Modal,
61.20945772740095,-60.6089033236947,Modal,
61.426941615015664,-60.6137434560465,Modal,
61.64519824663312,-60.6186105228891,Modal,
61.86423036789718,-60.6235047100498,Modal,
62.08404073420727,-60.6284262037364,Modal,
62.304632110752976,-60.6333751905274,Modal,
62.52600727254897,-60.6383518573636,Modal,
62.748169004469894,-60.6433563915379,Modal,
62.97112010128521,-60.6483889806854,Modal,
63.19486336769464,-60.6534498127729,Modal,
63.419401618363274,-60.6585390760876,Modal,
63.644737677956954,-60.6636569592262,Modal,
63.870874381177934,-60.6688036510823,Modal,
64.09781457280049,-60.6739793408344,Modal,
64.3255611077066,-60.6791842179327,Modal,
64.55411685092203,-60.6844184720857,Modal,
64.78348467765231,-60.6896822932458,Modal,
65.01366747331878,-60.6949758715949,Modal,
65.2446681335951,-60.7002993975291,Modal,
65.47648956444355,-60.7056530616427,Modal,
65.70913468215163,-60.7110370547116,Modal,
65.94260641336865,-60.7164515676761,Modal,
66.17690769514269,-60.7218967916231,Modal,
66.4120414749575,-60.7273729177672,Modal,
66.6480107107695,-60.7328801374314,Modal,
66.88481837104509,-60.7384186420272,Modal,
67.12246743479797,-60.7439886230329,Modal,
67.36096089162652,-60.7495902719726,Modal,
67.60030174175161,-60.7552237803926,Modal,
67.84049299605415,-60.7608893398386,Modal,
68.08153767611303,-60.7665871418306,Modal,
68.32343881424316,-60.7723173778373,Modal,
68.5661994535336,-60.77808023925,Modal,
68.80982264788588,-60.7838759173541,Modal,
69.05431146205224,-60.7897046033013,Modal,
69.29966897167446,-60.7955664880787,Modal,
69.5458982633224,-60.8014617624785,Modal,
69.79300243453272,-60.8073906170649,Modal,
70.04098459384808,-60.8133532421406,Modal,
70.28984786085613,-60.8193498277118,Modal,
70.53959536622865,-60.8253805634514,Modal,
70.79023025176114,-60.8314456386611,Modal,
71.04175567041229,-60.8375452422317,Modal,
71.29417478634339,-60.8436795626017,Modal,
71.54749077495856,-60.8498487877145,Modal,
71.80170682294438,-60.8560531049733,Modal,
72.05682612831005,-60.8622927011946,Modal,
72.31285190042769,-60.8685677625595,Modal,
72.5697873600727,-60.8748784745627,Modal,
72.82763573946414,-60.8812250219598,Modal,
73.08640028230559,-60.8876075887118,Modal,
73.34608424382586,-60.8940263579278,Modal,
73.60669089081992,-60.9004815118044,Modal,
73.86822350168998,-60.9069732315634,Modal,
74.13068536648683,-60.9135016973854,Modal,
74.39407978695118,-60.920067088342,Modal,
74.6584100765551,-60.9266695823236,Modal,
74.92367956054387,-60.9333093559649,Modal,
75.18989157597774,-60.9399865845661,Modal,
75.4570494717738,-60.946701442011,Modal,
75.72515660874828,-60.9534541006813,Modal,
75.99421635965882,-60.9602447313667,Modal,
76.26423210924666,-60.9670735031706,Modal,
76.53520725427956,-60.9739405834111,Modal,
76.80714520359427,-60.9808461375182,Modal,
77.08004937813963,-60.9877903289247,Modal,
77.35392321101929,-60.9947733189522,Modal,
77.62877014753526,-61.0017952666916,Modal,
77.90459364523106,-61.0088563288776,Modal,
78.18139717393512,-61.015956659756,Modal,
78.45918421580468,-61.0230964109451,Modal,
78.73795826536947,-61.0302757312894,Modal,
79.01772282957552,-61.0374947667055,Modal,
79.29848142782956,-61.04475366002,Modal,
79.58023759204316,-61.0520525507983,Modal,
79.86299486667704,-61.0593915751647,Modal,
80.14675680878587,-61.0667708656115,Modal,
80.43152698806296,-61.0741905507985,Modal,
80.71730898688499,-61.0816507553403,Modal,
81.00410640035733,-61.0891515995816,Modal,
81.29192283635915,-61.09669319936,Modal,
81.58076191558872,-61.1042756657539,Modal,
81.87062727160914,-61.111899104816,Modal,
82.16152255089392,-61.1195636172906,Modal,
82.45345141287292,-61.1272692983132,Modal,
82.74641752997825,-61.1350162370923,Modal,
83.0404245876907,-61.1428045165702,Modal,
83.33547628458592,-61.150634213063,Modal,
83.63157633238097,-61.1585053958768,Modal,
83.92872845598112,-61.1664181268993,Modal,
84.2269363935266,-61.1743724601637,Modal,
84.52620389643961,-61.1823684413839,Modal,
84.82653472947163,-61.1904061074574,Modal,
85.12793267075074,-61.1984854859343,Modal,
85.430401511829,-61.2066065944483,Modal,
85.73394505773037,-61.2147694401083,Modal,
86.03856712699846,-61.2229740188448,Modal,
86.34427155174461,-61.2312203147093,Modal,
86.65106217769593,-61.2395082991209,Modal,
86.958942864244,-61.2478379300564,Modal,
87.26791748449317,-61.2562091511782,Modal,
87.57798992530925,-61.2646218908941,Modal,
87.88916408736867,-61.2730760613429,Modal,
88.20144388520735,-61.2815715572983,Modal,
88.51483324726988,-61.290108254984,Modal,
88.82933611595912,-61.2986860107896,Modal,
89.1449564476858,-61.3073046598793,Modal,
89.46169821291802,-61.315964014681,Modal,
89.77956539623153,-61.324663863244,Modal,
90.09856199635973,-61.3334039674517,Modal,
90.4186920262438,-61.3421840610734,Modal,
90.73995951308349,-61.351003847638,Modal,
91.0623684983876,-61.3598629981099,Modal,
91.38592303802477,-61.3687611483453,Modal,
91.71062720227467,-61.377697896303,Modal,
92.0364850758791,-61.3866727989827,Modal,
92.36350075809344,-61.3956853690566,Modal,
92.691678362738,-61.4047350711606,Modal,
93.02102201825014,-61.4138213178001,Modal,
93.35153586773595,-61.4229434648255,Modal,
93.68322406902233,-61.4321008064207,Modal,
94.01609079470951,-61.4412925695441,Modal,
94.35014023222344,-61.4505179077484,Modal,
94.6853765838683,-61.4597758942964,Modal,
95.02180406687965,-61.4690655144779,Modal,
95.35942691347738,-61.4783856570156,Modal,
95.69824937091873,-61.4877351044304,Modal,
96.03827570155211,-61.4971125222159,Modal,
96.3795101828704,-61.5065164466455,Modal,
96.72195710756499,-61.5159452710053,Modal,
97.0656207835795,-61.5253972300093,Modal,
97.4105055341643,-61.5348703821093,Modal,
97.75661569793071,-61.5443625893593,Modal,
98.10395562890551,-61.5538714944289,Modal,
98.45252969658591,-61.5633944942816,Modal,
98.80234228599448,-61.5729287099385,Modal,
99.15339779773404,-61.5824709516294,Modal,
99.50570064804344,-61.5920176784856,Modal,
99.85925526885288,-61.6015649517508,Modal,
100.21406610783946,-61.6111083802553,Modal,
100.57013762848379,-61.6206430566187,Modal,
100.92747431012536,-61.6301634822852,Modal,
101.28608064801924,-61.6396634790382,Modal,
101.64596115339295,-61.6491360840599,Modal,
102.0071203535026,-61.6585734248465,Modal,
102.36956279169011,-61.6679665693171,Modal,
102.73329302744074,-61.6773053451738,Modal,
103.09831563643972,-61.6865781208923,Modal,
103.46463521063025,-61.6957715384779,Modal,
103.83225635827151,-61.7048701851178,Modal,
104.20118370399597,-61.7138561867773,Modal,
104.57142188886797,-61.7227087011927,Modal,
104.94297557044239,-61.7314032799486,Modal,
105.31584942282252,-61.7399110584196,Modal,
105.69004813671933,-61.7481977168267,Modal,
106.06557641951066,-61.7562221332159,Modal,
106.4424389952999,-61.7639346162304,Modal,
106.82064060497564,-61.7712745563396,Modal,
107.20018600627175,-61.778167259297,Modal,
107.58107997382649,-61.7845196091648,Modal,
107.96332729924293,-61.7902140230326,Modal,
108.34693279114958,-61.7950998572096,Modal,
108.73190127526017,-61.7989809166907,Modal,
109.11823759443475,-61.8015968379579,Modal,
109.50594660874087,-61.8025945269511,Modal,
109.89503319551416,-61.8014828488511,Modal,
110.28550224941989,-61.7975578710995,Modal,
110.67735868251499,-61.7897736209719,Modal,
111.0706074243091,-61.7765056230804,Modal,
111.465253421827,-61.7550867923881,Modal,
111.86130163967104,-61.7208111433478,Modal,
112.25875706008297,-61.6645251767188,Modal,
112.6576246830074,-61.5657487613284,Modal,
113.05790952615398,-61.3673105140854,Modal,
113.45961662506078,-60.8265531255841,Modal,
113.86275103315809,-55.5098681314585,Modal,
114.2673178218312,-64.0647477692786,Modal,
114.6733220804846,-62.9611436629673,Modal,
115.08076891660635,-62.6631856853311,Modal,
115.4896634558316,-62.5301955117538,Modal,
115.90001084200748,-62.4584541793406,Modal,
116.31181623725807,-62.4161420273624,Modal,
116.72508482204873,-62.3902408993854,Modal,
117.13982179525155,-62.3744349656541,Modal,
117.55603237421117,-62.3652892863149,Modal,
117.97372179480963,-62.3607753269122,Modal,
118.39289531153266,-62.3596179675506,Modal,
118.81355819753608,-62.3609754120879,Modal,
119.2357157447115,-62.3642695039383,Modal,
119.65937326375314,-62.3690899840619,Modal,
120.08453608422509,-62.3751376450811,Modal,
120.5112095546276,-62.3821891150972,Modal,
120.93939904246473,-62.3900742420971,Modal,
121.3691099343122,-62.3986611149589,Modal,
121.8003476358845,-62.4078458729104,Modal,
122.23311757210318,-62.4175456078739,Modal,
122.66742518716553,-62.4276933172517,Modal,
123.10327594461226,-62.4382342478057,Modal,
123.54067532739666,-62.4491232029533,Modal,
123.97962883795392,-62.4603225297459,Modal,
124.42014199826949,-62.4718005934414,Modal,
124.86222034994951,-62.4835306072158,Modal,
125.30586945428972,-62.4954897241457,Modal,
125.75109489234572,-62.5076583253455,Modal,
126.1979022650036,-62.5200194565324,Modal,
126.64629719304963,-62.5325583781154,Modal,
127.09628531724134,-62.5452622029815,Modal,
127.54787229837886,-62.5581196026565,Modal,
128.0010638173754,-62.5711205672321,Modal,
128.45586557532909,-62.5842562079161,Modal,
128.912283293595,-62.5975185936239,Modal,
129.37032271385652,-62.6109006149484,Modal,
129.82998959819776,-62.6243958702982,Modal,
130.29128972917658,-62.6379985700936,Modal,
130.75422890989654,-62.6517034557621,Modal,
131.2188129640802,-62.6655057309271,Modal,
131.6850477361429,-62.679401002698,Modal,
132.15293909126535,-62.6933852313684,Modal,
132.622492915468,-62.7074546871464,Modal,
133.09371511568523,-62.7216059127946,Modal,
133.56661161983914,-62.7358356912537,Modal,
134.04118837691428,-62.7501410174904,Modal,
134.51745135703308,-62.764519073937,Modal,
134.99540655152998,-62.7789672089966,Modal,
135.47505997302736,-62.7934829181763,Modal,
135.95641765551144,-62.8080638274773,Modal,
136.43948565440752,-62.8227076787342,Modal,
136.92427004665643,-62.8374123166383,Modal,
137.41077693079146,-62.8521756772247,Modal,
137.89901242701427,-62.8669957776324,Modal,
138.38898267727222,-62.8818707069764,Modal,
138.8806938453361,-62.8967986181936,Modal,
139.3741521168769,-62.9117777207432,Modal,
139.86936369954387,-62.9268062740605,Modal,
140.36633482304322,-62.9418825816743,Modal,
140.86507173921538,-62.9570049859142,Modal,
141.36558072211486,-62.9721718631392,Modal,
141.8678680680881,-62.9873816194321,Modal,
142.37194009585312,-63.002632686709,Modal,
142.87780314657957,-63.0179235192012,Modal,
143.38546358396746,-63.0332525902711,Modal,
143.8949277943277,-63.048618389529,Modal,
144.40620218666297,-63.0640194202229,Modal,
144.91929319274735,-63.0794541968757,Modal,
145.4342072672077,-63.0949212431471,Modal,
145.9509508876054,-63.1104190899027,Modal,
146.46953055451675,-63.1259462734729,Modal,
146.9899527916154,-63.1415013340872,Modal,
147.51222414575471,-63.1570828144721,Modal,
148.03635118704932,-63.1726892586022,Modal,
148.56234050895821,-63.1883192105955,Modal,
149.09019872836808,-63.2039712137462,Modal,
149.61993248567563,-63.2196438096893,Modal,
150.15154844487176,-63.2353355376923,Modal,
150.68505329362554,-63.2510449340728,Modal,
151.22045374336776,-63.2667705317383,Modal,
151.75775652937554,-63.2825108598502,Modal,
152.29696841085772,-63.2982644436137,Modal,
152.8380961710388,-63.3140298041942,Modal,
153.38114661724492,-63.3298054587689,Modal,
153.92612658098977,-63.3455899207169,Modal,
154.4730429180597,-63.3613816999588,Modal,
155.02190250860048,-63.3771793034561,Modal,
155.5727122572042,-63.3929812358859,Modal,
156.12547909299508,-63.4087860005056,Modal,
156.68020996971796,-63.4245921002321,Modal,
157.2369118658246,-63.4403980389592,Modal,
157.79559178456194,-63.4562023231452,Modal,
158.35625675406072,-63.4720034637094,Modal,
158.9189138274229,-63.4877999782823,Modal,
159.48357008281093,-63.503590393868,Modal,
160.05023262353714,-63.5193732499853,Modal,
160.6189085781523,-63.5351471023729,Modal,
161.18960510053563,-63.5509105273616,Modal,
161.76232936998542,-63.5666621270409,Modal,
162.3370885913083,-63.5824005353782,Modal,
162.91388999491028,-63.5981244254876,Modal,
163.49274083688837,-63.6138325182964,Modal,
164.07364839912074,-63.6295235929211,Modal,
164.65661998935892,-63.6451964991505,Modal,
165.24166294132013,-63.6608501725444,Modal,
165.8287846147786,-63.6764836528052,Modal,
166.41799239565867,-63.6920961062767,Modal,
167.00929369612814,-63.7076868536927,Modal,
167.60269595469057,-63.7232554046651,Modal,
168.1982066362793,-63.738801500906,Modal,
168.79583323235198,-63.7543251708874,Modal,
169.3955832609836,-63.7698267996469,Modal,
169.99746426696183,-63.7853072188919,Modal,
170.6014838218822,-63.8007678246649,Modal,
171.20764952424247,-63.8162107329702,Modal,
171.81596899953868,-63.8316389885026,Modal,
172.42644990036163,-63.8470568489511,Modal,
173.03909990649208,-63.8624701789206,Modal,
173.65392672499786,-63.8778870062563,Modal,
174.27093809033147,-63.8933183247589,Modal,
174.89014176442612,-63.9087792808896,Modal,
175.51154553679407,-63.924290977511,Modal,
176.13515722462512,-63.9398833047056,Modal,
176.76098467288367,-63.9555995518107,Modal,
177.38903575440884,-63.9715042617924,Modal,
178.01931837001226,-63.987697340645,Modal,
178.65184044857804,-64.0043411231619,Modal,
179.286609947163,-64.0217167835009,Modal,
179.9236348510957,-64.0403553912161,Modal,
180.5629231740775,-64.0613914253152,Modal,
181.20448295828376,-64.0877528140207,Modal,
181.84832227446412,-64.1299958482677,Modal,
182.49444922204444,-64.2765280102781,Modal,
183.14287192922924,-63.8544371317035,Modal,
183.79359855310295,-64.0254604926075,Modal,
184.44663727973295,-64.0693237357273,Modal,
185.10199632427322,-64.0957051114847,Modal,
185.75968393106646,-64.1162680760947,Modal,
186.41970837374848,-64.1341495314295,Modal,
187.08207795535273,-64.1505462371267,Modal,
187.74680100841377,-64.1660131492338,Modal,
188.41388589507247,-64.1808422522663,Modal,
189.0833410071819,-64.195201405057,Modal,
189.75517476641173,-64.2091936263599,Modal,
190.42939562435478,-64.2228853703351,Modal,
191.1060120626338,-64.2363211983404,Modal,
191.78503259300714,-64.24953191627,Modal,
192.46646575747639,-64.2625393385063,Modal,
193.15032012839433,-64.2753592049134,Modal,
193.83660430857165,-64.288003035886,Modal,
194.52532693138585,-64.3004793509877,Modal,
195.21649666089027,-64.3127944924057,Modal,
195.91012219192183,-64.3249531953292,Modal,
196.60621225021194,-64.3369589918267,Modal,
197.30477559249485,-64.3488145025383,Modal,
198.00582100661853,-64.3605216511648,Modal,
198.70935731165565,-64.3720818248156,Modal,
199.41539335801346,-64.3834959957392,Modal,
200.12393802754562,-64.3947648150914,Modal,
200.83500023366466,-64.4058886861792,Modal,
201.5485889214528,-64.4168678224585,Modal,
202.26471306777506,-64.427702294087,Modal,
202.98338168139293,-64.4383920658092,Modal,
203.7046038030764,-64.4489370282304,Modal,
204.42838850571823,-64.4593370240221,Modal,
205.15474489444884,-64.4695918702338,Modal,
205.88368210674952,-64.4797013776174,Modal,
206.61520931256806,-64.4896653676757,Modal,
207.3493357144347,-64.4994836880019,Modal,
208.08607054757658,-64.5091562263754,Modal,
208.8254230800347,-64.5186829240006,Modal,
209.56740261278102,-64.5280637882252,Modal,
210.31201847983422,-64.5372989050368,Modal,
211.0592800483778,-64.5463884516181,Modal,
211.80919671887844,-64.5553327092316,Modal,
212.56177792520316,-64.5641320767091,Modal,
213.31703313473855,-64.5727870848369,Modal,
214.0749718485104,-64.5812984119537,Modal,
214.8356036013021,-64.5896669011201,Modal,
215.5989379617752,-64.5978935792742,Modal,
216.36498453259034,-64.6059796788618,Modal,
217.13375295052683,-64.613926662527,Modal,
217.9052528866045,-64.6217362515783,Modal,
218.67949404620606,-64.6294104591045,Modal,
219.4564861691978,-64.6369516288326,Modal,
220.23623903005284,-64.6443624810926,Modal,
221.01876243797477,-64.6516461676194,Modal,
221.80406623701938,-64.6588063373982,Modal,
222.59216030622042,-64.6658472163951,Modal,
223.38305455971226,-64.6727737048629,Modal,
224.17675894685524,-64.6795914970636,Modal,
224.97328345236158,-64.6863072298161,Modal,
225.7726380964195,-64.6929286684472,Modal,
226.57483293482017,-64.6994649417579,Modal,
227.37987805908466,-64.7059268419069,Modal,
228.1877835965897,-64.7123272112884,Modal,
228.99855971069567,-64.7186814474785,Modal,
229.8122166008752,-64.7250081706811,Modal,
230.62876450283997,-64.731330118278,Modal,
231.44821368867042,-64.7376753621985,Modal,
232.27057446694533,-64.7440789938622,Modal,
233.09585718287045,-64.7505855006918,Modal,
233.9240722184091,-64.7572521898381,Modal,
234.7552299924135,-64.7641542403438,Modal,
235.58934096075458,-64.7713923654375,Modal,
236.42641561645408,-64.7791048068193,Modal,
237.2664644898173,-64.7874868162557,Modal,
238.1094981485642,-64.7968237120251,Modal,
238.95552719796288,-64.8075499992119,Modal,
239.80456228096398,-64.8203621657727,Modal,
240.65661407833286,-64.8364521729533,Modal,
241.5116933087849,-64.8580451027395,Modal,
242.36981072912099,-64.8898317701041,Modal,
243.2309771343612,-64.9437037051947,Modal,
244.09520335788173,-65.0612300535384,Modal,
244.9625002715515,-65.560818693204,Modal,
245.83287878586748,-63.6004238584608,Modal,
246.70634985009374,-64.4801545624643,Modal,
247.58292445239763,-64.560626630062,Modal,
248.4626136199886,-64.627323452808,Modal,
249.3454284192577,-64.662725248392,Modal,
250.2313799559154,-64.685271829596,Modal,
251.1204793751319,-64.701093823369,Modal,
252.01273786167826,-64.7129159280325,Modal,
252.90816664006536,-64.7221449457211,Modal,
253.80677697468613,-64.729583281509,Modal,
254.70858016995774,-64.7357231139894,Modal,
255.61358757046258,-64.7408837399788,Modal,
256.52181056109146,-64.7452818170372,Modal,
257.43326056718774,-64.7490699116094,Modal,
258.34794905468954,-64.7523588831009,Modal,
259.2658875302747,-64.7552314995186,Modal,
260.1870875415063,-64.7577510480979,Modal,
261.1115606769764,-64.7599669640773,Modal,
262.0393185664526,-64.7619186167862,Modal,
262.9703728810252,-64.7636379204145,Modal,
263.9047353332521,-64.7651511741111,Modal,
264.8424176773075,-64.7664803842637,Modal,
265.7834317091302,-64.7676442312257,Modal,
266.72778926657026,-64.7686587871238,Modal,
267.6755022295391,-64.7695380563236,Modal,
268.6265825201596,-64.7702943875347,Modal,
269.58104210291435,-64.7709387916601,Modal,
270.538892984797,-64.7714811895165,Modal,
271.50014721546427,-64.7719306067424,Modal,
272.4648168873858,-64.7722953284938,Modal,
273.432914135997,-64.7725830232004,Modal,
274.40445113985277,-64.7728008422955,Modal,
275.37944012077884,-64.7729555011197,Modal,
276.3578933440264,-64.77305334495,Modal,
277.3398231184273,-64.7731004031903,Modal,
278.32524179654695,-64.7731024340653,Modal,
279.31416177484175,-64.7730649616469,Modal,
280.3065954938133,-64.7729933066469,Modal,
281.30255543816565,-64.7728926121051,Modal,
282.30205413696325,-64.7727678648677,Modal,
283.30510416378684,-64.7726239135632,Modal,
284.31171813689235,-64.7724654836312,Modal,
285.3219087193707,-64.7722971898323,Modal,
286.33568861930536,-64.7721235465581,Modal,
287.3530705899328,-64.7719489761499,Modal,
288.3740674298043,-64.7717778153262,Modal,
289.3986919829447,-64.7716143196847,Modal,
290.426957139015,-64.7714626660731,Modal,
291.4588758334756,-64.7713269523748,Modal,
292.49446104774717,-64.7712111938744,Modal,
293.53372580937463,-64.7711193147565,Modal,
294.5766831921922,-64.7710551322582,Modal,
295.62334631648594,-64.7710223291956,Modal,
296.6737283491596,-64.7710244073166,Modal,
297.72784250390146,-64.7710646077414,Modal,
298.78570204134843,-64.7711457724667,Modal,
299.847320269254,-64.7712700950941,Modal,
300.9127105426564,-64.7714386509126,Modal,
301.981886264045,-64.771650454726,Modal,
303.05486088352944,-64.7719004103535,Modal,
304.1316478990102,-64.7721743202107,Modal,
305.2122608563463,-64.7724346389913,Modal,
306.2967133495266,-64.7725684227687,Modal,
307.38501902084187,-64.7720897335691,Modal,
308.4771915610542,-64.7633452383804,Modal,
309.57324470957167,-64.7809527807287,Modal,
310.6731922546191,-64.77927991684,Modal,
311.77704803341226,-64.7796974150557,Modal,
312.8848259323331,-64.7806470003556,Modal,
313.9965398871024,-64.781911774142,Modal,
315.1122038829562,-64.7834543309764,Modal,
316.2318319548224,-64.7852980813465,Modal,
317.3554381874956,-64.7875126204975,Modal,
318.48303671581533,-64.7902329606785,Modal,
319.61464172484466,-64.793721169206,Modal,
320.75026745004664,-64.7985397305242,Modal,
321.8899281774647,-64.8061342507599,Modal,
323.03363824390294,-64.8215902025039,Modal,
324.1814120371048,-64.8654479880888,Modal,
325.3332639959349,-64.6894056311648,Modal,
326.4892086105618,-64.7564301170551,Modal,
327.649260422638,-64.7725648952207,Modal,
328.8134340254843,-64.7808386665676,Modal,
329.98174406427415,-64.7865264599164,Modal,
331.15420523621583,-64.7910937653794,Modal,
332.3308322907383,-64.7951087714324,Modal,
333.51164002967806,-64.7988380106556,Modal,
334.69664330746303,-64.8024232059601,Modal,
335.8858570313006,-64.8059467497782,Modal,
337.079296161366,-64.8094598489252,Modal,
338.2769757109887,-64.8129960090618,Modal,
339.47891074684213,-64.8165780534876,Modal,
340.68511638913424,-64.8202220236481,Modal,
341.89560781179574,-64.8239394646676,Modal,
343.1104002426719,-64.8277388242654,Modal,
344.32950896371534,-64.8316263406133,Modal,
345.55294931117606,-64.8356066231229,Modal,
346.78073667579537,-64.8396830419693,Modal,
348.01288650300063,-64.8438579946399,Modal,
349.2494142930971,-64.8481330911367,Modal,
350.49033560146574,-64.8525092839749,Modal,
351.73566603875645,-64.8569869598709,Modal,
352.9854212710854,-64.8615660044033,Modal,
354.23961702023325,-64.8662458475689,Modal,
355.49826906384084,-64.8710254963619,Modal,
356.7613932356087,-64.8759035601042,Modal,
358.02900542549725,-64.880878275656,Modal,
359.3011215799246,-64.8859475443634,Modal,
360.57775770196827,-64.8911090049838,Modal,
361.8589298515675,-64.8963601996814,Modal,
363.1446541457232,-64.901698985613,Modal,
364.43494675870176,-64.9071246656868,Modal,
365.7298239222396,-64.9126416534528,Modal,
367.02930192574496,-64.9182753925961,Modal,
368.33339711650444,-64.9242027826464,Modal,
369.6421258998894,-64.9259557830775,Modal,
370.95550473955984,-64.9344530480169,Modal,
372.27355015767336,-64.9403627254168,Modal,
373.59627873509345,-64.946150293385,Modal,
374.9237071115962,-64.9518920494076,Modal,
376.25585198608053,-64.9575864776823,Modal,
377.5927301167797,-64.9632125814326,Modal,
378.9343583214695,-64.968737575757,Modal,
380.2807534776812,-64.9741165591691,Modal,
381.6319325229148,-64.9792890674286,Modal,
382.9879124548501,-64.984172751198,Modal,
384.34871033156145,-64.9886528652246,Modal,
385.71434327173347,-64.99256459515,Modal,
387.08482845487396,-64.9956621202095,Modal,
388.46018312153285,-64.9975613302495,Modal,
389.8404245735164,-64.9976258386816,Modal,
391.2255701741061,-64.9947180146499,Modal,
392.61563734827837,-64.9865829104954,Modal,
394.0106435829212,-64.9680282345721,Modal,
395.41060642705537,-64.9238307721654,Modal,
396.8155434920565,-64.7819018159135,Modal,
398.22547245187417,-60.4411246663804,Modal,
399.6404110432553,-65.4683501791273,Modal,
401.0603770659688,-65.2911747208931,Modal,
402.48538838302676,-65.240994226422,Modal,
403.9154629209106,-65.2209831326061,Modal,
405.3506186697976,-65.2129143848122,Modal,
406.7908736837849,-65.2108943999107,Modal,
408.23624608111794,-65.2124819983558,Modal,
409.6867540444194,-65.2165389913513,Modal,
411.14241582091546,-65.2225449811588,Modal,
412.60324972266693,-65.2303637977308,Modal,
414.06927412680045,-65.2402167569182,Modal,
415.5405074757374,-65.2528565278694,Modal,
417.01696827742705,-65.2701908995216,Modal,
418.49867510558073,-65.2975804208087,Modal,
419.98564659990296,-65.3562345907327,Modal,
421.4779014663271,-65.6924014110627,Modal,
422.9754584772521,-64.9692556406898,Modal,
424.47833647177595,-65.1454061154541,Modal,
425.98655435593395,-65.1924013179404,Modal,
427.50013110293804,-65.2171841430562,Modal,
429.01908575341264,-65.23388850757,Modal,
430.54343741563565,-65.2477361557749,Modal,
432.0732052657801,-65.2591121303833,Modal,
433.6084085481527,-65.2693022228432,Modal,
435.1490665754372,-65.2786974337251,Modal,
436.69519872893886,-65.2875330827196,Modal,
438.24682445882513,-65.295956070143,Modal,
439.80396328437365,-65.304062892027,Modal,
441.3666347942149,-65.3119202364242,Modal,
442.9348586465799,-65.3195767885906,Modal,
444.508654569549,-65.3270704772156,Modal,
446.08804236129697,-65.3344333180889,Modal,
447.67304189034377,-65.3416950556481,Modal,
449.2636730958058,-65.3488863787857,Modal,
450.85995598764396,-65.3560423571826,Modal,
452.46191064691664,-65.3632068446491,Modal,
454.06955722603374,-65.3704389936085,Modal,
455.6829159490077,-65.3778239833045,Modal,
457.3020071117089,-65.3854923106452,Modal,
458.92685108212265,-65.3936575934934,Modal,
460.5574683006026,-65.40269831867,Modal,
462.19387928012895,-65.4133582982383,Modal,
463.8361046065684,-65.4273322580053,Modal,
465.4841649389301,-65.4495083554835,Modal,
467.13808100962683,-65.5022241376129,Modal,
468.7978736247371,-66.3492412157157,Modal,
470.46356366426477,-65.2811429414681,Modal,
472.1351720824021,-65.3542651686244,Modal,
473.81271990779567,-65.3796362637665,Modal,
475.49622824380754,-65.3941017143194,Modal,
477.1857182687824,-65.404319906975,Modal,
478.8812112363153,-65.4124333346449,Modal,
480.58272847551626,-65.4193548253904,Modal,
482.2902913912799,-65.425553620896,Modal,
484.00392146455613,-65.4313132025687,Modal,
485.7236402526173,-65.4368370929114,Modal,
487.4494693893329,-65.4423057513066,Modal,
489.18143058543836,-65.447880690875,Modal,
490.91954562881,-65.4538639686022,Modal,
492.66383638474014,-65.4605959402918,Modal,
494.4143247962093,-65.4687384979455,Modal,
496.1710328841641,-65.4796038231864,Modal,
497.9339827477952,-65.4963338275304,Modal,
499.7031965648127,-65.5289369862472,Modal,
501.47869659172653,-65.6361145560612,Modal,
503.26050516412795,-64.5740026604531,Modal,
505.0486446969675,-65.3134895235218,Modal,
506.84313768483844,-65.3760178388359,Modal,
508.6440067022614,-65.3998512913778,Modal,
510.4512744039651,-65.4126592699907,Modal,
512.264963525173,-65.4207484935524,Modal,
514.0850968818911,-65.4263460447768,Modal,
515.911697371191,-65.4304397698485,Modal,
517.7447879715008,-65.4335350013775,Modal,
519.5843917428946,-65.435916309421,Modal,
521.43053182738,-65.43775435739,Modal,
523.2832314491907,-65.4391543288444,Modal,
525.1425139150801,-65.4401784642135,Modal,
527.0084026146117,-65.4408541387877,Modal,
528.8809210204545,-65.4411687591127,Modal,
530.76009268868,-65.4410400743825,Modal,
532.6459412590553,-65.4402065239348,Modal,
534.5384904553429,-65.4377054513649,Modal,
536.4377640855989,-65.4264689733007,Modal,
538.3437860424713,-65.478905612409,Modal,
540.2565803035009,-65.4539362164575,Modal,
542.176170931425,-65.4499658349026,Modal,
544.1025820744767,-65.4481332729049,Modal,
546.0358379666908,-65.4468943721327,Modal,
547.9759629282095,-65.4458554760434,Modal,
549.922981365585,-65.4448613715591,Modal,
551.8769177720909,-65.4438334073557,Modal,
553.8377967280267,-65.4427151182046,Modal,
555.8056429010278,-65.4414542186714,Modal,
557.7804810463787,-65.4399904578184,Modal,
559.7623360073198,-65.4382445010956,Modal,
561.7512327153629,-65.4361031874886,Modal,
563.7471961906053,-65.4333956546102,Modal,
565.7502515420423,-65.4298499556395,Modal,
567.7604239678838,-65.4250065507907,Modal,
569.7777387558733,-65.4180273216851,Modal,
571.8022212836033,-65.4072150784234,Modal,
573.8338970188349,-65.3885592296109,Modal,
575.8727915198212,-65.3498375445735,Modal,
577.9189304356248,-65.2280600960337,Modal,
579.9723395064419,-71.9458213123707,Modal,
582.0330445639283,-65.7028981719059,Modal,
584.101071531521,-65.5948081010064,Modal,
586.1764464247655,-65.5614335212509,Modal,
588.2591953516452,-65.5490134175093,Modal,
590.3493445129063,-65.5486743298963,Modal,
592.4469202023892,-65.5650815992495,Modal,
594.5519488073608,-65.6666130109605,Modal,
596.664456808843,-65.301609717163,Modal,
598.784470781948,-65.4369290995066,Modal,
600.9120173962137,-65.461082307675,Modal,
603.0471234159363,-65.4702605898406,Modal,
605.1898157005081,-65.4926053062246,Modal,
607.340121204758,-65.4852143790735,Modal,
609.4980669792855,-65.4880198088343,Modal,
611.6636801708064,-65.4909628799207,Modal,
613.8369880224902,-65.4938679222719,Modal,
616.0180178743041,-65.4967624703507,Modal,
618.2067971633588,-65.4996810466346,Modal,
620.4033534242508,-65.5026477959851,Modal,
622.6077142894095,-65.5056770140504,Modal,
624.8199074894475,-65.5087751909526,Modal,
627.0399608535052,-65.5119423415386,Modal,
629.2679023096033,-65.5151723586043,Modal,
631.5037598849954,-65.5184522781439,Modal,
633.747561706517,-65.5217600877841,Modal,
635.9993360009416,-65.525060133016,Modal,
638.2591110953375,-65.5282939067366,Modal,
640.52691541742,-65.5313608522634,Modal,
642.8027774959112,-65.5340748631396,Modal,
645.0867259609007,-65.5360524279205,Modal,
647.3787895442025,-65.5363654243157,Modal,
649.6789970797172,-65.5320779138747,Modal,
651.9873775037978,-65.5067433324885,Modal,
654.3039598556093,-65.7306293848617,Modal,
656.6287732774957,-65.6192080587206,Modal,
658.9618470153495,-65.6049787232381,Modal,
661.3032104189745,-65.6044286100294,Modal,
663.6528929424578,-65.608375841128,Modal,
666.0109241445422,-65.6152665724229,Modal,
668.3773336889936,-65.6256285841258,Modal,
670.7521513449769,-65.6547435962688,Modal,
673.1354069874318,-65.6661233253772,Modal,
675.5271305974452,-65.7485913066687,Modal,
677.9273522626296,-64.4107316876114,Modal,
680.3361021775046,-65.4914650859041,Modal,
682.753410643872,-65.5518487313325,Modal,
685.1793080711991,-65.5761800169322,Modal,
687.6138249770036,-65.5907977835679,Modal,
690.0569919872323,-65.6014172475476,Modal,
692.5088398366523,-65.6100113842871,Modal,
694.9693993692326,-65.6174460077283,Modal,
697.4387015385341,-65.6241662921209,Modal,
699.9167774081011,-65.6304327981834,Modal,
702.4036581518482,-65.6364201378241,Modal,
704.899375054454,-65.642266940198,Modal,
707.4039595117575,-65.6481092733651,Modal,
709.9174430311481,-65.6541146268908,Modal,
712.4398572319644,-65.6605351197772,Modal,
714.9712338458944,-65.6678204341054,Modal,
717.5116047173697,-65.676917903761,Modal,
720.0610018039689,-65.6902963650893,Modal,
722.6194571768217,-65.7171561924832,Modal,
725.1870030210073,-65.8457843345449,Modal,
727.7636716359626,-65.5036221638799,Modal,
730.3494954358897,-65.6105847163524,Modal,
732.9445069501598,-65.6346299424912,Modal,
735.5487388237248,-65.6448805462569,Modal,
738.1622238175294,-65.6531230571641,Modal,
740.7849948089196,-65.6570041796058,Modal,
743.4170847920583,-65.6590598599731,Modal,
746.0585268783421,-65.6589748060028,Modal,
748.7093542968142,-65.6554396298312,Modal,
751.369600394584,-65.6437948103165,Modal,
754.0392986372491,-65.5977216440003,Modal,
756.7184826093118,-66.5227448905477,Modal,
759.4071860146036,-65.7802500464181,Modal,
762.105442676712,-65.7519247399996,Modal,
764.8132865394001,-65.7577282341458,Modal,
767.5307516670402,-65.873037405099,Modal,
770.2578722450365,-65.6231121357342,Modal,
772.9946825802577,-65.6716894491994,Modal,
775.741217101471,-65.6825773287732,Modal,
778.4975103597703,-65.6867724594226,Modal,
781.2635970290136,-65.6884715356244,Modal,
784.0395119062607,-65.6887354899037,Modal,
786.8252899122073,-65.6877217877525,Modal,
789.620966091626,-65.6848871329149,Modal,
792.4265756138095,-65.6778017419276,Modal,
795.2421537730088,-65.649090563805,Modal,
798.067735988879,-65.7987037529256,Modal,
800.9033578069274,-65.7206343402039,Modal,
803.7490548989562,-65.7094001550726,Modal,
806.6048630635132,-65.7039767134229,Modal,
809.4708182263452,-65.7000632120579,Modal,
812.3469564408439,-65.6963887919636,Modal,
815.2333138885034,-65.6922470177828,Modal,
818.1299268793766,-65.6868936946459,Modal,
821.0368318525277,-65.6790904343054,Modal,
823.9540653764928,-65.6660882323152,Modal,
826.8816641497426,-65.6397682042051,Modal,
829.8196650011389,-65.5604791917188,Modal,
832.7681048904003,-61.015931676911,Modal,
835.7270209085702,-65.9082315097256,Modal,
838.6964502784778,-65.8235062133702,Modal,
841.6764303552088,-65.8025573108317,Modal,
844.6669986265787,-65.8037974955355,Modal,
847.6681927135984,-65.8375053987872,Modal,
850.6800503709503,-66.4637643718871,Modal,
853.7026094874662,-65.6226014882595,Modal,
856.7359080865983,-65.6845589169145,Modal,
859.7799843269,-65.7032743755846,Modal,
862.8348765025095,-65.7140071046945,Modal,
865.9006230436238,-65.7376697735198,Modal,
868.9772625169911,-65.7106739859033,Modal,
872.0648336263881,-65.7186264173683,Modal,
875.1633752131107,-65.7229880312457,Modal,
878.2729262564644,-65.7266738741602,Modal,
881.3935258742503,-65.7302735898943,Modal,
884.5252133232586,-65.7340771016459,Modal,
887.6680279997667,-65.7383387478275,Modal,
890.8220094400278,-65.7433971913521,Modal,
893.9871973207723,-65.749845020029,Modal,
897.1636314597087,-65.7589651100577,Modal,
900.3513518160196,-65.7743232486695,Modal,
903.5503984908669,-65.8112401154016,Modal,
906.7608117278992,-66.1769428913732,Modal,
909.9826319137521,-65.6239689582075,Modal,
913.2158995785596,-65.6915416955621,Modal,
916.4606553964666,-65.7126904965149,Modal,
919.7169401861344,-65.7241507215561,Modal,
922.9847949112577,-65.7318354017791,Modal,
926.2642606810828,-65.7368242719284,Modal,
929.5553787509184,-65.7303164524661,Modal,
932.858190522658,-65.775086637364,Modal,
936.1727375453032,-65.7806270947383,Modal,
939.4990615154813,-65.8506254820847,Modal,
942.837204277972,-65.6965285628883,Modal,
946.1872078262368,-65.7373297924767,Modal,
949.5491143029419,-65.7490657900318,Modal,
952.922966000491,-65.7558621123988,Modal,
956.30880536156,-65.7608889456351,Modal,
959.7066749796247,-65.7650545021351,Modal,
963.1166175995038,-65.7687294323462,Modal,
966.5386761178903,-65.772126394794,Modal,
969.9728935838937,-65.7754646718328,Modal,
973.4193131995845,-65.7792339367608,Modal,
976.8779783205322,-65.7857124124048,Modal,
980.3489324563533,-65.9193442510724,Modal,
983.8322192712615,-65.7661363278787,Modal,
987.3278825846114,-65.7715436488566,Modal,
990.8359663714527,-65.7715711018162,Modal,
994.3565147630859,-65.7682757562054,Modal,
997.8895720476121,-65.759953141755,Modal,
1001.4351826704926,-65.7398569081523,Modal,
1004.9933912351116,-65.6797128402843,Modal,
1008.5642425033309,-64.5314246270998,Modal,
1012.1477813960558,-66.0090284161762,Modal,
1015.744052993804,-65.9264019905418,Modal,
1019.3531025372657,-65.9260551739586,Modal,
1022.9749754278764,-66.1484324804858,Modal,
1026.609717228391,-65.7381353930835,Modal,
1030.2573736634506,-65.7940851107613,Modal,
1033.9179906201614,-65.8068210281467,Modal,
1037.5916141486737,-65.811246855561,Modal,
1041.2782904627566,-65.8121784048295,Modal,
1044.9780659403818,-65.8098606293441,Modal,
1048.69098712431,-65.7985943442581,Modal,
1052.4171007226698,-68.8117800564609,Modal,
1056.1564536095495,-65.849560631559,Modal,
1059.9090928255891,-65.8377639400658,Modal,
1063.6750655785663,-65.8339813887846,Modal,
1067.454419243992,-65.8321458903324,Modal,
1071.2472013657125,-65.8303093496203,Modal,
1075.0534596564978,-65.8289292733715,Modal,
1078.8732419986475,-65.8256951709068,Modal,
1082.7065964445947,-65.8094310780612,Modal,
1086.5535712175042,-65.8638731865234,Modal,
1090.4142147118878,-65.848709845344,Modal,
1094.288575494204,-65.8484156072828,Modal,
1098.1767023034736,-65.8537678660883,Modal,
1102.0786440518964,-65.8761517035683,Modal,
1105.9944498254583,-65.773275306915,Modal,
1109.9241688845539,-65.8508976168644,Modal,
1113.8678506646079,-65.7126713302706,Modal,
1117.8255447766917,-65.8101892025351,Modal,
1121.79730100815,-65.8446962801393,Modal,
1125.783169323231,-65.8025866341952,Modal,
1129.783199863708,-65.8172935833032,Modal,
1133.7974429495125,-65.8235050726086,Modal,
1137.8259490793732,-65.82865275956,Modal,
1141.8687689314415,-65.8340747376982,Modal,
1145.9259533639347,-65.8413365657859,Modal,
1149.997553415778,-65.8533754669304,Modal,
1154.08362030724,-65.8811324707531,Modal,
1158.1842054405802,-66.0411714048413,Modal,
1162.2993604007002,-65.6527031917477,Modal,
1166.4291369557843,-65.7515072782208,Modal,
1170.5735870579551,-65.7691493089471,Modal,
1174.73276284393,-65.7670079960775,Modal,
1178.9067166356706,-65.7342728308865,Modal,
1183.0955009410438,-65.1351093143478,Modal,
1187.2991684544866,-65.9710858161121,Modal,
1191.5177720576614,-65.9267592068065,Modal,
1195.751364820125,-66.2613272403802,Modal,
1199.9999999999995,-65.7868645122724,Modal,
